invoice_id,branch,city,customer_type,gender,product_line,unit_price,quantity,tax_5_percent,total,date,time,payment,cogs,gross_margin_percentage,gross_income,rating,transaction_datetime,year,month,month_name,day,day_name,hour,is_weekend,time_period,average_item_value,profit_margin_percent,transaction_value_segment,rating_segment
750-67-8428,A,Yangon,Member,Female,Health and beauty,74.69,7,26.1415,548.9715,2019-01-05,13:08,Ewallet,522.83,4.761904762,26.1415,9.1,2019-01-05 13:08:00,2019,1,January,5,Saturday,13,True,Afternoon,78.42,4.76,High,High
226-31-3081,C,Naypyitaw,Normal,Female,Electronic accessories,15.28,5,3.82,80.22,2019-03-08,10:29,Cash,76.4,4.761904762,3.82,9.6,2019-03-08 10:29:00,2019,3,March,8,Friday,10,False,Morning,16.04,4.76,Low,High
631-41-3108,A,Yangon,Normal,Male,Home and lifestyle,46.33,7,16.2155,340.5255,2019-03-03,13:23,Credit card,324.31,4.761904762,16.2155,7.4,2019-03-03 13:23:00,2019,3,March,3,Sunday,13,True,Afternoon,48.65,4.76,Medium,Medium
123-19-1176,A,Yangon,Member,Male,Health and beauty,58.22,8,23.288,489.048,2019-01-27,20:33,Ewallet,465.76,4.761904762,23.288,8.4,2019-01-27 20:33:00,2019,1,January,27,Sunday,20,True,Evening,61.13,4.76,High,High
373-73-7910,A,Yangon,Normal,Male,Sports and travel,86.31,7,30.2085,634.3785,2019-02-08,10:37,Ewallet,604.17,4.761904762,30.2085,5.3,2019-02-08 10:37:00,2019,2,February,8,Friday,10,False,Morning,90.63,4.76,High,Low
699-14-3026,C,Naypyitaw,Normal,Male,Electronic accessories,85.39,7,29.8865,627.6165,2019-03-25,18:30,Ewallet,597.73,4.761904762,29.8865,4.1,2019-03-25 18:30:00,2019,3,March,25,Monday,18,False,Evening,89.66,4.76,High,Low
355-53-5943,A,Yangon,Member,Female,Electronic accessories,68.84,6,20.652,433.692,2019-02-25,14:36,Ewallet,413.04,4.761904762,20.652,5.8,2019-02-25 14:36:00,2019,2,February,25,Monday,14,False,Afternoon,72.28,4.76,High,Low
315-22-5665,C,Naypyitaw,Normal,Female,Home and lifestyle,73.56,10,36.78,772.38,2019-02-24,11:38,Ewallet,735.6,4.761904762,36.78,8.0,2019-02-24 11:38:00,2019,2,February,24,Sunday,11,True,Morning,77.24,4.76,High,Medium
665-32-9167,A,Yangon,Member,Female,Health and beauty,36.26,2,3.626,76.146,2019-01-10,17:15,Credit card,72.52,4.761904762,3.626,7.2,2019-01-10 17:15:00,2019,1,January,10,Thursday,17,False,Evening,38.07,4.76,Low,Medium
692-92-5582,B,Mandalay,Member,Female,Food and beverages,54.84,3,8.226,172.746,2019-02-20,13:27,Credit card,164.52,4.761904762,8.226,5.9,2019-02-20 13:27:00,2019,2,February,20,Wednesday,13,False,Afternoon,57.58,4.76,Medium,Low
351-62-0822,B,Mandalay,Member,Female,Fashion accessories,14.48,4,2.896,60.816,2019-02-06,18:07,Ewallet,57.92,4.761904762,2.896,4.5,2019-02-06 18:07:00,2019,2,February,6,Wednesday,18,False,Evening,15.2,4.76,Low,Low
529-56-3974,B,Mandalay,Member,Male,Electronic accessories,25.51,4,5.102,107.142,2019-03-09,17:03,Cash,102.04,4.761904762,5.102,6.8,2019-03-09 17:03:00,2019,3,March,9,Saturday,17,True,Evening,26.79,4.76,Low,Medium
365-64-0515,A,Yangon,Normal,Female,Electronic accessories,46.95,5,11.7375,246.4875,2019-02-12,10:25,Ewallet,234.75,4.761904762,11.7375,7.1,2019-02-12 10:25:00,2019,2,February,12,Tuesday,10,False,Morning,49.3,4.76,Medium,Medium
252-56-2699,A,Yangon,Normal,Male,Food and beverages,43.19,10,21.595,453.495,2019-02-07,16:48,Ewallet,431.9,4.761904762,21.595,8.2,2019-02-07 16:48:00,2019,2,February,7,Thursday,16,False,Afternoon,45.35,4.76,High,High
829-34-3910,A,Yangon,Normal,Female,Health and beauty,71.38,10,35.69,749.49,2019-03-29,19:21,Cash,713.8,4.761904762,35.69,5.7,2019-03-29 19:21:00,2019,3,March,29,Friday,19,False,Evening,74.95,4.76,High,Low
299-46-1805,B,Mandalay,Member,Female,Sports and travel,93.72,6,28.116,590.436,2019-01-15,16:19,Cash,562.32,4.761904762,28.116,4.5,2019-01-15 16:19:00,2019,1,January,15,Tuesday,16,False,Afternoon,98.41,4.76,High,Low
656-95-9349,A,Yangon,Member,Female,Health and beauty,68.93,7,24.1255,506.6355,2019-03-11,11:03,Credit card,482.51,4.761904762,24.1255,4.6,2019-03-11 11:03:00,2019,3,March,11,Monday,11,False,Morning,72.38,4.76,High,Low
765-26-6951,A,Yangon,Normal,Male,Sports and travel,72.61,6,21.783,457.443,2019-01-01,10:39,Credit card,435.66,4.761904762,21.783,6.9,2019-01-01 10:39:00,2019,1,January,1,Tuesday,10,False,Morning,76.24,4.76,High,Medium
329-62-1586,A,Yangon,Normal,Male,Food and beverages,54.67,3,8.2005,172.2105,2019-01-21,18:00,Credit card,164.01,4.761904762,8.2005,8.6,2019-01-21 18:00:00,2019,1,January,21,Monday,18,False,Evening,57.4,4.76,Medium,High
319-50-3348,B,Mandalay,Normal,Female,Home and lifestyle,40.3,2,4.03,84.63,2019-03-11,15:30,Ewallet,80.6,4.761904762,4.03,4.4,2019-03-11 15:30:00,2019,3,March,11,Monday,15,False,Afternoon,42.32,4.76,Low,Low
300-71-4605,C,Naypyitaw,Member,Male,Electronic accessories,86.04,5,21.51,451.71,2019-02-25,11:24,Ewallet,430.2,4.761904762,21.51,4.8,2019-02-25 11:24:00,2019,2,February,25,Monday,11,False,Morning,90.34,4.76,High,Low
371-85-5789,B,Mandalay,Normal,Male,Health and beauty,87.98,3,13.197,277.137,2019-03-05,10:40,Ewallet,263.94,4.761904762,13.197,5.1,2019-03-05 10:40:00,2019,3,March,5,Tuesday,10,False,Morning,92.38,4.76,Medium,Low
273-16-6619,B,Mandalay,Normal,Male,Home and lifestyle,33.2,2,3.32,69.72,2019-03-15,12:20,Credit card,66.4,4.761904762,3.32,4.4,2019-03-15 12:20:00,2019,3,March,15,Friday,12,False,Afternoon,34.86,4.76,Low,Low
636-48-8204,A,Yangon,Normal,Male,Electronic accessories,34.56,5,8.64,181.44,2019-02-17,11:15,Ewallet,172.8,4.761904762,8.64,9.9,2019-02-17 11:15:00,2019,2,February,17,Sunday,11,True,Morning,36.29,4.76,Medium,High
549-59-1358,A,Yangon,Member,Male,Sports and travel,88.63,3,13.2945,279.1845,2019-03-02,17:36,Ewallet,265.89,4.761904762,13.2945,6.0,2019-03-02 17:36:00,2019,3,March,2,Saturday,17,True,Evening,93.06,4.76,Medium,Low
227-03-5010,A,Yangon,Member,Female,Home and lifestyle,52.59,8,21.036,441.756,2019-03-22,19:20,Credit card,420.72,4.761904762,21.036,8.5,2019-03-22 19:20:00,2019,3,March,22,Friday,19,False,Evening,55.22,4.76,High,High
649-29-6775,B,Mandalay,Normal,Male,Fashion accessories,33.52,1,1.676,35.196,2019-02-08,15:31,Cash,33.52,4.761904762,1.676,6.7,2019-02-08 15:31:00,2019,2,February,8,Friday,15,False,Afternoon,35.2,4.76,Low,Medium
189-17-4241,A,Yangon,Normal,Female,Fashion accessories,87.67,2,8.767,184.107,2019-03-10,12:17,Credit card,175.34,4.761904762,8.767,7.7,2019-03-10 12:17:00,2019,3,March,10,Sunday,12,True,Afternoon,92.05,4.76,Medium,Medium
145-94-9061,B,Mandalay,Normal,Female,Food and beverages,88.36,5,22.09,463.89,2019-01-25,19:48,Cash,441.8,4.761904762,22.09,9.6,2019-01-25 19:48:00,2019,1,January,25,Friday,19,False,Evening,92.78,4.76,High,High
848-62-7243,A,Yangon,Normal,Male,Health and beauty,24.89,9,11.2005,235.2105,2019-03-15,15:36,Cash,224.01,4.761904762,11.2005,7.4,2019-03-15 15:36:00,2019,3,March,15,Friday,15,False,Afternoon,26.13,4.76,Medium,Medium
871-79-8483,B,Mandalay,Normal,Male,Fashion accessories,94.13,5,23.5325,494.1825,2019-02-25,19:39,Credit card,470.65,4.761904762,23.5325,4.8,2019-02-25 19:39:00,2019,2,February,25,Monday,19,False,Evening,98.84,4.76,High,Low
149-71-6266,B,Mandalay,Member,Male,Sports and travel,78.07,9,35.1315,737.7615,2019-01-28,12:43,Cash,702.63,4.761904762,35.1315,4.5,2019-01-28 12:43:00,2019,1,January,28,Monday,12,False,Afternoon,81.97,4.76,High,Low
640-49-2076,B,Mandalay,Normal,Male,Sports and travel,83.78,8,33.512,703.752,2019-01-10,14:49,Cash,670.24,4.761904762,33.512,5.1,2019-01-10 14:49:00,2019,1,January,10,Thursday,14,False,Afternoon,87.97,4.76,High,Low
595-11-5460,A,Yangon,Normal,Male,Health and beauty,96.58,2,9.658,202.818,2019-03-15,10:12,Credit card,193.16,4.761904762,9.658,5.1,2019-03-15 10:12:00,2019,3,March,15,Friday,10,False,Morning,101.41,4.76,Medium,Low
183-56-6882,C,Naypyitaw,Member,Female,Food and beverages,99.42,4,19.884,417.564,2019-02-06,10:42,Ewallet,397.68,4.761904762,19.884,7.5,2019-02-06 10:42:00,2019,2,February,6,Wednesday,10,False,Morning,104.39,4.76,High,Medium
232-16-2483,C,Naypyitaw,Member,Female,Sports and travel,68.12,1,3.406,71.526,2019-01-07,12:28,Ewallet,68.12,4.761904762,3.406,6.8,2019-01-07 12:28:00,2019,1,January,7,Monday,12,False,Afternoon,71.53,4.76,Low,Medium
129-29-8530,A,Yangon,Member,Male,Sports and travel,62.62,5,15.655,328.755,2019-03-10,19:15,Ewallet,313.1,4.761904762,15.655,7.0,2019-03-10 19:15:00,2019,3,March,10,Sunday,19,True,Evening,65.75,4.76,Medium,Medium
272-65-1806,A,Yangon,Normal,Female,Electronic accessories,60.88,9,27.396,575.316,2019-01-15,17:17,Ewallet,547.92,4.761904762,27.396,4.7,2019-01-15 17:17:00,2019,1,January,15,Tuesday,17,False,Evening,63.92,4.76,High,Low
333-73-7901,C,Naypyitaw,Normal,Female,Health and beauty,54.92,8,21.968,461.328,2019-03-23,13:24,Ewallet,439.36,4.761904762,21.968,7.6,2019-03-23 13:24:00,2019,3,March,23,Saturday,13,True,Afternoon,57.67,4.76,High,Medium
777-82-7220,B,Mandalay,Member,Male,Home and lifestyle,30.12,8,12.048,253.008,2019-03-03,13:01,Cash,240.96,4.761904762,12.048,7.7,2019-03-03 13:01:00,2019,3,March,3,Sunday,13,True,Afternoon,31.63,4.76,Medium,Medium
280-35-5823,B,Mandalay,Member,Female,Home and lifestyle,86.72,1,4.336,91.056,2019-01-17,18:45,Ewallet,86.72,4.761904762,4.336,7.9,2019-01-17 18:45:00,2019,1,January,17,Thursday,18,False,Evening,91.06,4.76,Low,Medium
554-53-8700,C,Naypyitaw,Member,Male,Home and lifestyle,56.11,2,5.611,117.831,2019-02-02,10:11,Cash,112.22,4.761904762,5.611,6.3,2019-02-02 10:11:00,2019,2,February,2,Saturday,10,True,Morning,58.92,4.76,Low,Medium
354-25-5821,B,Mandalay,Member,Female,Sports and travel,69.12,6,20.736,435.456,2019-02-08,13:03,Cash,414.72,4.761904762,20.736,5.6,2019-02-08 13:03:00,2019,2,February,8,Friday,13,False,Afternoon,72.58,4.76,High,Low
228-96-1411,C,Naypyitaw,Member,Female,Food and beverages,98.7,8,39.48,829.08,2019-03-04,20:39,Cash,789.6,4.761904762,39.48,7.6,2019-03-04 20:39:00,2019,3,March,4,Monday,20,False,Evening,103.64,4.76,High,Medium
617-15-4209,C,Naypyitaw,Member,Male,Health and beauty,15.37,2,1.537,32.277,2019-03-16,19:47,Cash,30.74,4.761904762,1.537,7.2,2019-03-16 19:47:00,2019,3,March,16,Saturday,19,True,Evening,16.14,4.76,Low,Medium
132-32-9879,B,Mandalay,Member,Female,Electronic accessories,93.96,4,18.792,394.632,2019-03-09,18:00,Cash,375.84,4.761904762,18.792,9.5,2019-03-09 18:00:00,2019,3,March,9,Saturday,18,True,Evening,98.66,4.76,High,High
370-41-7321,B,Mandalay,Member,Male,Health and beauty,56.69,9,25.5105,535.7205,2019-02-27,17:24,Credit card,510.21,4.761904762,25.5105,8.4,2019-02-27 17:24:00,2019,2,February,27,Wednesday,17,False,Evening,59.52,4.76,High,High
727-46-3608,B,Mandalay,Member,Female,Food and beverages,20.01,9,9.0045,189.0945,2019-02-06,15:47,Ewallet,180.09,4.761904762,9.0045,4.1,2019-02-06 15:47:00,2019,2,February,6,Wednesday,15,False,Afternoon,21.01,4.76,Medium,Low
669-54-1719,B,Mandalay,Member,Male,Electronic accessories,18.93,6,5.679,119.259,2019-02-10,12:45,Credit card,113.58,4.761904762,5.679,8.1,2019-02-10 12:45:00,2019,2,February,10,Sunday,12,True,Afternoon,19.88,4.76,Low,High
574-22-5561,C,Naypyitaw,Member,Female,Fashion accessories,82.63,10,41.315,867.615,2019-03-19,17:08,Ewallet,826.3,4.761904762,41.315,7.9,2019-03-19 17:08:00,2019,3,March,19,Tuesday,17,False,Evening,86.76,4.76,High,Medium
326-78-5178,C,Naypyitaw,Member,Male,Food and beverages,91.4,7,31.99,671.79,2019-02-03,10:19,Cash,639.8,4.761904762,31.99,9.5,2019-02-03 10:19:00,2019,2,February,3,Sunday,10,True,Morning,95.97,4.76,High,High
162-48-8011,A,Yangon,Member,Female,Food and beverages,44.59,5,11.1475,234.0975,2019-02-10,15:10,Cash,222.95,4.761904762,11.1475,8.5,2019-02-10 15:10:00,2019,2,February,10,Sunday,15,True,Afternoon,46.82,4.76,Medium,High
616-24-2851,B,Mandalay,Member,Female,Fashion accessories,17.87,4,3.574,75.054,2019-03-22,14:42,Ewallet,71.48,4.761904762,3.574,6.5,2019-03-22 14:42:00,2019,3,March,22,Friday,14,False,Afternoon,18.76,4.76,Low,Medium
778-71-5554,C,Naypyitaw,Member,Male,Fashion accessories,15.43,1,0.7715,16.2015,2019-01-25,15:46,Credit card,15.43,4.761904762,0.7715,6.1,2019-01-25 15:46:00,2019,1,January,25,Friday,15,False,Afternoon,16.2,4.76,Low,Medium
242-55-6721,B,Mandalay,Normal,Male,Home and lifestyle,16.16,2,1.616,33.936,2019-03-07,11:49,Ewallet,32.32,4.761904762,1.616,6.5,2019-03-07 11:49:00,2019,3,March,7,Thursday,11,False,Morning,16.97,4.76,Low,Medium
399-46-5918,C,Naypyitaw,Normal,Female,Electronic accessories,85.98,8,34.392,722.232,2019-02-28,19:01,Cash,687.84,4.761904762,34.392,8.2,2019-02-28 19:01:00,2019,2,February,28,Thursday,19,False,Evening,90.28,4.76,High,High
106-35-6779,A,Yangon,Member,Male,Home and lifestyle,44.34,2,4.434,93.114,2019-03-27,11:26,Cash,88.68,4.761904762,4.434,5.8,2019-03-27 11:26:00,2019,3,March,27,Wednesday,11,False,Morning,46.56,4.76,Low,Low
635-40-6220,A,Yangon,Normal,Male,Health and beauty,89.6,8,35.84,752.64,2019-02-07,11:28,Ewallet,716.8,4.761904762,35.84,6.6,2019-02-07 11:28:00,2019,2,February,7,Thursday,11,False,Morning,94.08,4.76,High,Medium
817-48-8732,A,Yangon,Member,Female,Home and lifestyle,72.35,10,36.175,759.675,2019-01-20,15:55,Cash,723.5,4.761904762,36.175,5.4,2019-01-20 15:55:00,2019,1,January,20,Sunday,15,True,Afternoon,75.97,4.76,High,Low
120-06-4233,C,Naypyitaw,Normal,Male,Electronic accessories,30.61,6,9.183,192.843,2019-03-12,20:36,Cash,183.66,4.761904762,9.183,9.3,2019-03-12 20:36:00,2019,3,March,12,Tuesday,20,False,Evening,32.14,4.76,Medium,High
285-68-5083,C,Naypyitaw,Member,Female,Sports and travel,24.74,3,3.711,77.931,2019-02-15,17:47,Credit card,74.22,4.761904762,3.711,7.0,2019-02-15 17:47:00,2019,2,February,15,Friday,17,False,Evening,25.98,4.76,Low,Medium
803-83-5989,C,Naypyitaw,Normal,Male,Home and lifestyle,55.73,6,16.719,351.099,2019-02-24,10:55,Ewallet,334.38,4.761904762,16.719,7.0,2019-02-24 10:55:00,2019,2,February,24,Sunday,10,True,Morning,58.52,4.76,Medium,Medium
347-34-2234,B,Mandalay,Member,Female,Sports and travel,55.07,9,24.7815,520.4115,2019-02-03,13:40,Ewallet,495.63,4.761904762,24.7815,10.0,2019-02-03 13:40:00,2019,2,February,3,Sunday,13,True,Afternoon,57.82,4.76,High,High
199-75-8169,A,Yangon,Member,Male,Sports and travel,15.81,10,7.905,166.005,2019-03-06,12:27,Credit card,158.1,4.761904762,7.905,8.6,2019-03-06 12:27:00,2019,3,March,6,Wednesday,12,False,Afternoon,16.6,4.76,Medium,High
853-23-2453,B,Mandalay,Member,Male,Health and beauty,75.74,4,15.148,318.108,2019-02-14,14:35,Cash,302.96,4.761904762,15.148,7.6,2019-02-14 14:35:00,2019,2,February,14,Thursday,14,False,Afternoon,79.53,4.76,Medium,Medium
877-22-3308,A,Yangon,Member,Male,Health and beauty,15.87,10,7.935,166.635,2019-03-13,16:40,Cash,158.7,4.761904762,7.935,5.8,2019-03-13 16:40:00,2019,3,March,13,Wednesday,16,False,Afternoon,16.66,4.76,Medium,Low
838-78-4295,C,Naypyitaw,Normal,Female,Health and beauty,33.47,2,3.347,70.287,2019-02-10,15:43,Ewallet,66.94,4.761904762,3.347,6.7,2019-02-10 15:43:00,2019,2,February,10,Sunday,15,True,Afternoon,35.14,4.76,Low,Medium
109-28-2512,B,Mandalay,Member,Female,Fashion accessories,97.61,6,29.283,614.943,2019-01-07,15:01,Ewallet,585.66,4.761904762,29.283,9.9,2019-01-07 15:01:00,2019,1,January,7,Monday,15,False,Afternoon,102.49,4.76,High,High
232-11-3025,A,Yangon,Normal,Male,Sports and travel,78.77,10,39.385,827.085,2019-01-24,10:04,Cash,787.7,4.761904762,39.385,6.4,2019-01-24 10:04:00,2019,1,January,24,Thursday,10,False,Morning,82.71,4.76,High,Medium
382-03-4532,A,Yangon,Member,Female,Health and beauty,18.33,1,0.9165,19.2465,2019-02-02,18:50,Cash,18.33,4.761904762,0.9165,4.3,2019-02-02 18:50:00,2019,2,February,2,Saturday,18,True,Evening,19.25,4.76,Low,Low
393-65-2792,C,Naypyitaw,Normal,Male,Food and beverages,89.48,10,44.74,939.54,2019-01-06,12:46,Credit card,894.8,4.761904762,44.74,9.6,2019-01-06 12:46:00,2019,1,January,6,Sunday,12,True,Afternoon,93.95,4.76,High,High
796-12-2025,C,Naypyitaw,Normal,Male,Fashion accessories,62.12,10,31.06,652.26,2019-02-11,16:19,Cash,621.2,4.761904762,31.06,5.9,2019-02-11 16:19:00,2019,2,February,11,Monday,16,False,Afternoon,65.23,4.76,High,Low
510-95-6347,B,Mandalay,Member,Female,Food and beverages,48.52,3,7.278,152.838,2019-03-05,18:17,Ewallet,145.56,4.761904762,7.278,4.0,2019-03-05 18:17:00,2019,3,March,5,Tuesday,18,False,Evening,50.95,4.76,Low,Low
841-35-6630,C,Naypyitaw,Normal,Female,Electronic accessories,75.91,6,22.773,478.233,2019-03-09,18:21,Cash,455.46,4.761904762,22.773,8.7,2019-03-09 18:21:00,2019,3,March,9,Saturday,18,True,Evening,79.71,4.76,High,High
287-21-9091,A,Yangon,Normal,Male,Home and lifestyle,74.67,9,33.6015,705.6315,2019-01-22,10:55,Ewallet,672.03,4.761904762,33.6015,9.4,2019-01-22 10:55:00,2019,1,January,22,Tuesday,10,False,Morning,78.4,4.76,High,High
732-94-0499,C,Naypyitaw,Normal,Female,Electronic accessories,41.65,10,20.825,437.325,2019-01-13,17:04,Credit card,416.5,4.761904762,20.825,5.4,2019-01-13 17:04:00,2019,1,January,13,Sunday,17,True,Evening,43.73,4.76,High,Low
263-10-3913,C,Naypyitaw,Member,Male,Fashion accessories,49.04,9,22.068,463.428,2019-01-09,14:20,Credit card,441.36,4.761904762,22.068,8.6,2019-01-09 14:20:00,2019,1,January,9,Wednesday,14,False,Afternoon,51.49,4.76,High,High
381-20-0914,A,Yangon,Member,Female,Fashion accessories,20.01,9,9.0045,189.0945,2019-01-12,15:48,Credit card,180.09,4.761904762,9.0045,5.7,2019-01-12 15:48:00,2019,1,January,12,Saturday,15,True,Afternoon,21.01,4.76,Medium,Low
829-49-1914,C,Naypyitaw,Member,Female,Food and beverages,78.31,10,39.155,822.255,2019-03-05,16:24,Ewallet,783.1,4.761904762,39.155,6.6,2019-03-05 16:24:00,2019,3,March,5,Tuesday,16,False,Afternoon,82.23,4.76,High,Medium
756-01-7507,C,Naypyitaw,Normal,Female,Health and beauty,20.38,5,5.095,106.995,2019-01-22,18:56,Cash,101.9,4.761904762,5.095,6.0,2019-01-22 18:56:00,2019,1,January,22,Tuesday,18,False,Evening,21.4,4.76,Low,Low
870-72-4431,C,Naypyitaw,Normal,Male,Health and beauty,99.19,6,29.757,624.897,2019-01-21,14:42,Credit card,595.14,4.761904762,29.757,5.5,2019-01-21 14:42:00,2019,1,January,21,Monday,14,False,Afternoon,104.15,4.76,High,Low
847-38-7188,B,Mandalay,Normal,Female,Food and beverages,96.68,3,14.502,304.542,2019-01-26,19:56,Ewallet,290.04,4.761904762,14.502,6.4,2019-01-26 19:56:00,2019,1,January,26,Saturday,19,True,Evening,101.51,4.76,Medium,Medium
480-63-2856,C,Naypyitaw,Normal,Male,Food and beverages,19.25,8,7.7,161.7,2019-01-23,18:37,Ewallet,154.0,4.761904762,7.7,6.6,2019-01-23 18:37:00,2019,1,January,23,Wednesday,18,False,Evening,20.21,4.76,Low,Medium
787-56-0757,C,Naypyitaw,Member,Female,Food and beverages,80.36,4,16.072,337.512,2019-02-23,18:45,Credit card,321.44,4.761904762,16.072,8.3,2019-02-23 18:45:00,2019,2,February,23,Saturday,18,True,Evening,84.38,4.76,Medium,High
360-39-5055,C,Naypyitaw,Member,Male,Sports and travel,48.91,5,12.2275,256.7775,2019-03-09,10:17,Cash,244.55,4.761904762,12.2275,6.6,2019-03-09 10:17:00,2019,3,March,9,Saturday,10,True,Morning,51.36,4.76,Medium,Medium
730-50-9884,C,Naypyitaw,Normal,Female,Sports and travel,83.06,7,29.071,610.491,2019-03-05,14:31,Ewallet,581.42,4.761904762,29.071,4.0,2019-03-05 14:31:00,2019,3,March,5,Tuesday,14,False,Afternoon,87.21,4.76,High,Low
362-58-8315,C,Naypyitaw,Normal,Male,Fashion accessories,76.52,5,19.13,401.73,2019-03-25,10:23,Cash,382.6,4.761904762,19.13,9.9,2019-03-25 10:23:00,2019,3,March,25,Monday,10,False,Morning,80.35,4.76,High,High
633-44-8566,A,Yangon,Member,Male,Food and beverages,49.38,7,17.283,362.943,2019-03-27,20:35,Credit card,345.66,4.761904762,17.283,7.3,2019-03-27 20:35:00,2019,3,March,27,Wednesday,20,False,Evening,51.85,4.76,Medium,Medium
504-35-8843,A,Yangon,Normal,Male,Sports and travel,42.47,1,2.1235,44.5935,2019-01-02,16:57,Cash,42.47,4.761904762,2.1235,5.7,2019-01-02 16:57:00,2019,1,January,2,Wednesday,16,False,Afternoon,44.59,4.76,Low,Low
318-68-5053,B,Mandalay,Normal,Female,Health and beauty,76.99,6,23.097,485.037,2019-02-27,17:55,Cash,461.94,4.761904762,23.097,6.1,2019-02-27 17:55:00,2019,2,February,27,Wednesday,17,False,Evening,80.84,4.76,High,Medium
565-80-5980,C,Naypyitaw,Member,Female,Home and lifestyle,47.38,4,9.476,198.996,2019-01-23,10:25,Cash,189.52,4.761904762,9.476,7.1,2019-01-23 10:25:00,2019,1,January,23,Wednesday,10,False,Morning,49.75,4.76,Medium,Medium
225-32-0908,C,Naypyitaw,Normal,Female,Sports and travel,44.86,10,22.43,471.03,2019-01-26,19:54,Ewallet,448.6,4.761904762,22.43,8.2,2019-01-26 19:54:00,2019,1,January,26,Saturday,19,True,Evening,47.1,4.76,High,High
873-51-0671,A,Yangon,Member,Female,Sports and travel,21.98,7,7.693,161.553,2019-01-10,16:42,Ewallet,153.86,4.761904762,7.693,5.1,2019-01-10 16:42:00,2019,1,January,10,Thursday,16,False,Afternoon,23.08,4.76,Low,Low
152-08-9985,B,Mandalay,Member,Male,Health and beauty,64.36,9,28.962,608.202,2019-03-12,12:09,Credit card,579.24,4.761904762,28.962,8.6,2019-03-12 12:09:00,2019,3,March,12,Tuesday,12,False,Afternoon,67.58,4.76,High,High
512-91-0811,C,Naypyitaw,Normal,Male,Health and beauty,89.75,1,4.4875,94.2375,2019-02-06,20:05,Credit card,89.75,4.761904762,4.4875,6.6,2019-02-06 20:05:00,2019,2,February,6,Wednesday,20,False,Evening,94.24,4.76,Low,Medium
594-34-4444,A,Yangon,Normal,Male,Electronic accessories,97.16,1,4.858,102.018,2019-03-08,20:38,Ewallet,97.16,4.761904762,4.858,7.2,2019-03-08 20:38:00,2019,3,March,8,Friday,20,False,Evening,102.02,4.76,Low,Medium
766-85-7061,B,Mandalay,Normal,Male,Health and beauty,87.87,10,43.935,922.635,2019-03-29,10:25,Ewallet,878.7,4.761904762,43.935,5.1,2019-03-29 10:25:00,2019,3,March,29,Friday,10,False,Morning,92.26,4.76,High,Low
871-39-9221,C,Naypyitaw,Normal,Female,Electronic accessories,12.45,6,3.735,78.435,2019-02-09,13:11,Cash,74.7,4.761904762,3.735,4.1,2019-02-09 13:11:00,2019,2,February,9,Saturday,13,True,Afternoon,13.07,4.76,Low,Low
865-92-6136,A,Yangon,Normal,Male,Food and beverages,52.75,3,7.9125,166.1625,2019-03-23,10:16,Ewallet,158.25,4.761904762,7.9125,9.3,2019-03-23 10:16:00,2019,3,March,23,Saturday,10,True,Morning,55.39,4.76,Medium,High
733-01-9107,B,Mandalay,Normal,Male,Home and lifestyle,82.7,6,24.81,521.01,2019-03-05,18:14,Cash,496.2,4.761904762,24.81,7.4,2019-03-05 18:14:00,2019,3,March,5,Tuesday,18,False,Evening,86.84,4.76,High,Medium
163-56-7055,C,Naypyitaw,Member,Male,Fashion accessories,48.71,1,2.4355,51.1455,2019-03-26,19:20,Ewallet,48.71,4.761904762,2.4355,4.1,2019-03-26 19:20:00,2019,3,March,26,Tuesday,19,False,Evening,51.15,4.76,Low,Low
189-98-2939,C,Naypyitaw,Normal,Male,Fashion accessories,78.55,9,35.3475,742.2975,2019-03-01,13:22,Cash,706.95,4.761904762,35.3475,7.2,2019-03-01 13:22:00,2019,3,March,1,Friday,13,False,Afternoon,82.48,4.76,High,Medium
551-21-3069,C,Naypyitaw,Normal,Female,Electronic accessories,23.07,9,10.3815,218.0115,2019-02-01,11:27,Cash,207.63,4.761904762,10.3815,4.9,2019-02-01 11:27:00,2019,2,February,1,Friday,11,False,Morning,24.22,4.76,Medium,Low
212-62-1842,A,Yangon,Normal,Male,Food and beverages,58.26,6,17.478,367.038,2019-03-28,16:44,Cash,349.56,4.761904762,17.478,9.9,2019-03-28 16:44:00,2019,3,March,28,Thursday,16,False,Afternoon,61.17,4.76,Medium,High
716-39-1409,B,Mandalay,Normal,Male,Health and beauty,30.35,7,10.6225,223.0725,2019-03-19,18:19,Cash,212.45,4.761904762,10.6225,8.0,2019-03-19 18:19:00,2019,3,March,19,Tuesday,18,False,Evening,31.87,4.76,Medium,Medium
704-48-3927,A,Yangon,Member,Male,Electronic accessories,88.67,10,44.335,931.035,2019-01-12,14:50,Ewallet,886.7,4.761904762,44.335,7.3,2019-01-12 14:50:00,2019,1,January,12,Saturday,14,True,Afternoon,93.1,4.76,High,Medium
628-34-3388,C,Naypyitaw,Normal,Male,Fashion accessories,27.38,6,8.214,172.494,2019-01-05,20:54,Credit card,164.28,4.761904762,8.214,7.9,2019-01-05 20:54:00,2019,1,January,5,Saturday,20,True,Evening,28.75,4.76,Medium,Medium
630-74-5166,A,Yangon,Normal,Male,Sports and travel,62.13,6,18.639,391.419,2019-03-22,20:19,Cash,372.78,4.761904762,18.639,7.4,2019-03-22 20:19:00,2019,3,March,22,Friday,20,False,Evening,65.24,4.76,High,Medium
588-01-7461,C,Naypyitaw,Normal,Female,Food and beverages,33.98,9,15.291,321.111,2019-03-24,10:43,Cash,305.82,4.761904762,15.291,4.2,2019-03-24 10:43:00,2019,3,March,24,Sunday,10,True,Morning,35.68,4.76,Medium,Low
861-77-0145,C,Naypyitaw,Member,Male,Electronic accessories,81.97,10,40.985,860.685,2019-03-03,14:30,Cash,819.7,4.761904762,40.985,9.2,2019-03-03 14:30:00,2019,3,March,3,Sunday,14,True,Afternoon,86.07,4.76,High,High
479-26-8945,B,Mandalay,Member,Female,Sports and travel,16.49,2,1.649,34.629,2019-02-05,11:32,Ewallet,32.98,4.761904762,1.649,4.6,2019-02-05 11:32:00,2019,2,February,5,Tuesday,11,False,Morning,17.31,4.76,Low,Low
210-67-5886,C,Naypyitaw,Member,Female,Health and beauty,98.21,3,14.7315,309.3615,2019-02-05,10:41,Credit card,294.63,4.761904762,14.7315,7.8,2019-02-05 10:41:00,2019,2,February,5,Tuesday,10,False,Morning,103.12,4.76,Medium,Medium
227-78-1148,B,Mandalay,Normal,Female,Fashion accessories,72.84,7,25.494,535.374,2019-02-15,12:44,Cash,509.88,4.761904762,25.494,8.4,2019-02-15 12:44:00,2019,2,February,15,Friday,12,False,Afternoon,76.48,4.76,High,High
645-44-1170,A,Yangon,Member,Male,Home and lifestyle,58.07,9,26.1315,548.7615,2019-01-19,20:07,Ewallet,522.63,4.761904762,26.1315,4.3,2019-01-19 20:07:00,2019,1,January,19,Saturday,20,True,Evening,60.97,4.76,High,Low
237-01-6122,C,Naypyitaw,Member,Female,Home and lifestyle,80.79,9,36.3555,763.4655,2019-02-01,20:31,Credit card,727.11,4.761904762,36.3555,9.5,2019-02-01 20:31:00,2019,2,February,1,Friday,20,False,Evening,84.83,4.76,High,High
225-98-1496,C,Naypyitaw,Normal,Female,Fashion accessories,27.02,3,4.053,85.113,2019-03-02,13:01,Credit card,81.06,4.761904762,4.053,7.1,2019-03-02 13:01:00,2019,3,March,2,Saturday,13,True,Afternoon,28.37,4.76,Low,Medium
291-32-1427,B,Mandalay,Member,Male,Fashion accessories,21.94,5,5.485,115.185,2019-03-05,12:29,Ewallet,109.7,4.761904762,5.485,5.3,2019-03-05 12:29:00,2019,3,March,5,Tuesday,12,False,Afternoon,23.04,4.76,Low,Low
659-65-8956,B,Mandalay,Member,Male,Fashion accessories,51.36,1,2.568,53.928,2019-01-16,15:26,Ewallet,51.36,4.761904762,2.568,5.2,2019-01-16 15:26:00,2019,1,January,16,Wednesday,15,False,Afternoon,53.93,4.76,Low,Low
642-32-2990,A,Yangon,Normal,Female,Food and beverages,10.96,10,5.48,115.08,2019-02-02,20:48,Ewallet,109.6,4.761904762,5.48,6.0,2019-02-02 20:48:00,2019,2,February,2,Saturday,20,True,Evening,11.51,4.76,Low,Low
378-24-2715,B,Mandalay,Normal,Male,Home and lifestyle,53.44,2,5.344,112.224,2019-01-20,20:38,Ewallet,106.88,4.761904762,5.344,4.1,2019-01-20 20:38:00,2019,1,January,20,Sunday,20,True,Evening,56.11,4.76,Low,Low
638-60-7125,A,Yangon,Normal,Female,Electronic accessories,99.56,8,39.824,836.304,2019-02-14,17:03,Credit card,796.48,4.761904762,39.824,5.2,2019-02-14 17:03:00,2019,2,February,14,Thursday,17,False,Evening,104.54,4.76,High,Low
659-36-1684,C,Naypyitaw,Member,Male,Sports and travel,57.12,7,19.992,419.832,2019-01-12,12:02,Credit card,399.84,4.761904762,19.992,6.5,2019-01-12 12:02:00,2019,1,January,12,Saturday,12,True,Afternoon,59.98,4.76,High,Medium
219-22-9386,B,Mandalay,Member,Male,Sports and travel,99.96,9,44.982,944.622,2019-03-09,17:26,Credit card,899.64,4.761904762,44.982,4.2,2019-03-09 17:26:00,2019,3,March,9,Saturday,17,True,Evening,104.96,4.76,High,Low
336-78-2147,C,Naypyitaw,Member,Male,Home and lifestyle,63.91,8,25.564,536.844,2019-03-13,19:52,Credit card,511.28,4.761904762,25.564,4.6,2019-03-13 19:52:00,2019,3,March,13,Wednesday,19,False,Evening,67.11,4.76,High,Low
268-27-6179,B,Mandalay,Member,Female,Fashion accessories,56.47,8,22.588,474.348,2019-03-09,14:57,Ewallet,451.76,4.761904762,22.588,7.3,2019-03-09 14:57:00,2019,3,March,9,Saturday,14,True,Afternoon,59.29,4.76,High,Medium
668-90-8900,A,Yangon,Normal,Female,Home and lifestyle,93.69,7,32.7915,688.6215,2019-03-10,18:44,Credit card,655.83,4.761904762,32.7915,4.5,2019-03-10 18:44:00,2019,3,March,10,Sunday,18,True,Evening,98.37,4.76,High,Low
870-54-3162,A,Yangon,Normal,Female,Sports and travel,32.25,5,8.0625,169.3125,2019-01-27,13:26,Cash,161.25,4.761904762,8.0625,9.0,2019-01-27 13:26:00,2019,1,January,27,Sunday,13,True,Afternoon,33.86,4.76,Medium,High
189-08-9157,C,Naypyitaw,Normal,Female,Fashion accessories,31.73,9,14.2785,299.8485,2019-01-08,16:17,Credit card,285.57,4.761904762,14.2785,5.9,2019-01-08 16:17:00,2019,1,January,8,Tuesday,16,False,Afternoon,33.32,4.76,Medium,Low
663-86-9076,C,Naypyitaw,Member,Female,Food and beverages,68.54,8,27.416,575.736,2019-01-08,15:57,Ewallet,548.32,4.761904762,27.416,8.5,2019-01-08 15:57:00,2019,1,January,8,Tuesday,15,False,Afternoon,71.97,4.76,High,High
549-84-7482,B,Mandalay,Normal,Female,Sports and travel,90.28,9,40.626,853.146,2019-02-08,11:15,Ewallet,812.52,4.761904762,40.626,7.2,2019-02-08 11:15:00,2019,2,February,8,Friday,11,False,Morning,94.79,4.76,High,Medium
191-10-6171,B,Mandalay,Normal,Female,Fashion accessories,39.62,7,13.867,291.207,2019-01-25,13:18,Cash,277.34,4.761904762,13.867,7.5,2019-01-25 13:18:00,2019,1,January,25,Friday,13,False,Afternoon,41.6,4.76,Medium,Medium
802-70-5316,A,Yangon,Member,Female,Sports and travel,92.13,6,27.639,580.419,2019-03-06,20:34,Cash,552.78,4.761904762,27.639,8.3,2019-03-06 20:34:00,2019,3,March,6,Wednesday,20,False,Evening,96.74,4.76,High,High
695-51-0018,B,Mandalay,Normal,Female,Sports and travel,34.84,4,6.968,146.328,2019-02-10,18:36,Cash,139.36,4.761904762,6.968,7.4,2019-02-10 18:36:00,2019,2,February,10,Sunday,18,True,Evening,36.58,4.76,Low,Medium
590-83-4591,B,Mandalay,Member,Male,Electronic accessories,87.45,6,26.235,550.935,2019-02-17,14:40,Credit card,524.7,4.761904762,26.235,8.8,2019-02-17 14:40:00,2019,2,February,17,Sunday,14,True,Afternoon,91.82,4.76,High,High
483-71-1164,C,Naypyitaw,Normal,Female,Health and beauty,81.3,6,24.39,512.19,2019-03-08,16:43,Ewallet,487.8,4.761904762,24.39,5.3,2019-03-08 16:43:00,2019,3,March,8,Friday,16,False,Afternoon,85.36,4.76,High,Low
597-78-7908,C,Naypyitaw,Normal,Male,Fashion accessories,90.22,3,13.533,284.193,2019-02-18,19:39,Cash,270.66,4.761904762,13.533,6.2,2019-02-18 19:39:00,2019,2,February,18,Monday,19,False,Evening,94.73,4.76,Medium,Medium
700-81-1757,A,Yangon,Normal,Female,Electronic accessories,26.31,5,6.5775,138.1275,2019-01-18,20:59,Credit card,131.55,4.761904762,6.5775,8.8,2019-01-18 20:59:00,2019,1,January,18,Friday,20,False,Evening,27.63,4.76,Low,High
354-39-5160,A,Yangon,Member,Female,Home and lifestyle,34.42,6,10.326,216.846,2019-02-18,15:39,Cash,206.52,4.761904762,10.326,9.8,2019-02-18 15:39:00,2019,2,February,18,Monday,15,False,Afternoon,36.14,4.76,Medium,High
241-72-9525,B,Mandalay,Normal,Male,Sports and travel,51.91,10,25.955,545.055,2019-02-16,12:21,Cash,519.1,4.761904762,25.955,8.2,2019-02-16 12:21:00,2019,2,February,16,Saturday,12,True,Afternoon,54.51,4.76,High,High
575-30-8091,A,Yangon,Normal,Male,Sports and travel,72.5,8,29.0,609.0,2019-03-16,19:25,Ewallet,580.0,4.761904762,29.0,9.2,2019-03-16 19:25:00,2019,3,March,16,Saturday,19,True,Evening,76.12,4.76,High,High
731-81-9469,C,Naypyitaw,Member,Female,Sports and travel,89.8,10,44.9,942.9,2019-01-23,13:00,Credit card,898.0,4.761904762,44.9,7.0,2019-01-23 13:00:00,2019,1,January,23,Wednesday,13,False,Afternoon,94.29,4.76,High,Medium
280-17-4359,C,Naypyitaw,Member,Male,Health and beauty,90.5,10,45.25,950.25,2019-01-25,13:48,Cash,905.0,4.761904762,45.25,8.1,2019-01-25 13:48:00,2019,1,January,25,Friday,13,False,Afternoon,95.02,4.76,High,High
338-65-2210,C,Naypyitaw,Member,Female,Health and beauty,68.6,10,34.3,720.3,2019-02-05,19:57,Cash,686.0,4.761904762,34.3,9.1,2019-02-05 19:57:00,2019,2,February,5,Tuesday,19,False,Evening,72.03,4.76,High,High
488-25-4221,C,Naypyitaw,Member,Female,Food and beverages,30.41,1,1.5205,31.9305,2019-02-22,10:36,Credit card,30.41,4.761904762,1.5205,8.4,2019-02-22 10:36:00,2019,2,February,22,Friday,10,False,Morning,31.93,4.76,Low,High
239-10-7476,A,Yangon,Normal,Female,Home and lifestyle,77.95,6,23.385,491.085,2019-01-21,16:37,Ewallet,467.7,4.761904762,23.385,8.0,2019-01-21 16:37:00,2019,1,January,21,Monday,16,False,Afternoon,81.85,4.76,High,Medium
458-41-1477,C,Naypyitaw,Normal,Female,Health and beauty,46.26,6,13.878,291.438,2019-03-08,17:11,Credit card,277.56,4.761904762,13.878,9.5,2019-03-08 17:11:00,2019,3,March,8,Friday,17,False,Evening,48.57,4.76,Medium,High
685-64-1609,A,Yangon,Member,Female,Fashion accessories,30.14,10,15.07,316.47,2019-02-10,12:28,Ewallet,301.4,4.761904762,15.07,9.2,2019-02-10 12:28:00,2019,2,February,10,Sunday,12,True,Afternoon,31.65,4.76,Medium,High
568-90-5112,C,Naypyitaw,Normal,Male,Health and beauty,66.14,4,13.228,277.788,2019-03-19,12:46,Credit card,264.56,4.761904762,13.228,5.6,2019-03-19 12:46:00,2019,3,March,19,Tuesday,12,False,Afternoon,69.45,4.76,Medium,Low
262-47-2794,B,Mandalay,Member,Male,Home and lifestyle,71.86,8,28.744,603.624,2019-03-06,15:07,Credit card,574.88,4.761904762,28.744,6.2,2019-03-06 15:07:00,2019,3,March,6,Wednesday,15,False,Afternoon,75.45,4.76,High,Medium
238-49-0436,A,Yangon,Normal,Male,Health and beauty,32.46,8,12.984,272.664,2019-03-27,13:48,Credit card,259.68,4.761904762,12.984,4.9,2019-03-27 13:48:00,2019,3,March,27,Wednesday,13,False,Afternoon,34.08,4.76,Medium,Low
608-96-3517,B,Mandalay,Member,Female,Fashion accessories,91.54,4,18.308,384.468,2019-03-23,19:20,Credit card,366.16,4.761904762,18.308,4.8,2019-03-23 19:20:00,2019,3,March,23,Saturday,19,True,Evening,96.12,4.76,Medium,Low
584-86-7256,C,Naypyitaw,Member,Male,Sports and travel,34.56,7,12.096,254.016,2019-03-11,16:07,Credit card,241.92,4.761904762,12.096,7.3,2019-03-11 16:07:00,2019,3,March,11,Monday,16,False,Afternoon,36.29,4.76,Medium,Medium
746-94-0204,A,Yangon,Normal,Male,Fashion accessories,83.24,9,37.458,786.618,2019-01-29,11:56,Credit card,749.16,4.761904762,37.458,7.4,2019-01-29 11:56:00,2019,1,January,29,Tuesday,11,False,Morning,87.4,4.76,High,Medium
214-17-6927,C,Naypyitaw,Normal,Female,Food and beverages,16.48,6,4.944,103.824,2019-02-07,18:23,Ewallet,98.88,4.761904762,4.944,9.9,2019-02-07 18:23:00,2019,2,February,7,Thursday,18,False,Evening,17.3,4.76,Low,High
400-89-4171,C,Naypyitaw,Normal,Female,Sports and travel,80.97,8,32.388,680.148,2019-01-28,13:05,Cash,647.76,4.761904762,32.388,9.3,2019-01-28 13:05:00,2019,1,January,28,Monday,13,False,Afternoon,85.02,4.76,High,High
782-95-9291,A,Yangon,Member,Male,Food and beverages,92.29,5,23.0725,484.5225,2019-02-20,15:55,Credit card,461.45,4.761904762,23.0725,9.0,2019-02-20 15:55:00,2019,2,February,20,Wednesday,15,False,Afternoon,96.9,4.76,High,High
279-74-2924,B,Mandalay,Member,Male,Electronic accessories,72.17,1,3.6085,75.7785,2019-01-04,19:40,Cash,72.17,4.761904762,3.6085,6.1,2019-01-04 19:40:00,2019,1,January,4,Friday,19,False,Evening,75.78,4.76,Low,Medium
307-85-2293,B,Mandalay,Normal,Male,Home and lifestyle,50.28,5,12.57,263.97,2019-03-07,13:58,Ewallet,251.4,4.761904762,12.57,9.7,2019-03-07 13:58:00,2019,3,March,7,Thursday,13,False,Afternoon,52.79,4.76,Medium,High
743-04-1105,B,Mandalay,Member,Male,Health and beauty,97.22,9,43.749,918.729,2019-03-30,14:43,Ewallet,874.98,4.761904762,43.749,6.0,2019-03-30 14:43:00,2019,3,March,30,Saturday,14,True,Afternoon,102.08,4.76,High,Low
423-57-2993,B,Mandalay,Normal,Male,Sports and travel,93.39,6,28.017,588.357,2019-03-27,19:18,Ewallet,560.34,4.761904762,28.017,10.0,2019-03-27 19:18:00,2019,3,March,27,Wednesday,19,False,Evening,98.06,4.76,High,High
894-41-5205,C,Naypyitaw,Normal,Female,Food and beverages,43.18,8,17.272,362.712,2019-01-19,19:39,Credit card,345.44,4.761904762,17.272,8.3,2019-01-19 19:39:00,2019,1,January,19,Saturday,19,True,Evening,45.34,4.76,Medium,High
275-28-0149,A,Yangon,Normal,Male,Sports and travel,63.69,1,3.1845,66.8745,2019-02-25,16:21,Cash,63.69,4.761904762,3.1845,6.0,2019-02-25 16:21:00,2019,2,February,25,Monday,16,False,Afternoon,66.87,4.76,Low,Low
101-17-6199,A,Yangon,Normal,Male,Food and beverages,45.79,7,16.0265,336.5565,2019-03-13,19:44,Credit card,320.53,4.761904762,16.0265,7.0,2019-03-13 19:44:00,2019,3,March,13,Wednesday,19,False,Evening,48.08,4.76,Medium,Medium
423-80-0988,C,Naypyitaw,Normal,Male,Sports and travel,76.4,2,7.64,160.44,2019-01-30,19:42,Ewallet,152.8,4.761904762,7.64,6.5,2019-01-30 19:42:00,2019,1,January,30,Wednesday,19,False,Evening,80.22,4.76,Low,Medium
548-46-9322,B,Mandalay,Normal,Male,Food and beverages,39.9,10,19.95,418.95,2019-02-20,15:24,Credit card,399.0,4.761904762,19.95,5.9,2019-02-20 15:24:00,2019,2,February,20,Wednesday,15,False,Afternoon,41.9,4.76,High,Low
505-02-0892,B,Mandalay,Member,Male,Health and beauty,42.57,8,17.028,357.588,2019-02-25,14:12,Ewallet,340.56,4.761904762,17.028,5.6,2019-02-25 14:12:00,2019,2,February,25,Monday,14,False,Afternoon,44.7,4.76,Medium,Low
234-65-2137,C,Naypyitaw,Normal,Male,Home and lifestyle,95.58,10,47.79,1003.59,2019-01-16,13:32,Cash,955.8,4.761904762,47.79,4.8,2019-01-16 13:32:00,2019,1,January,16,Wednesday,13,False,Afternoon,100.36,4.76,High,Low
687-47-8271,A,Yangon,Normal,Male,Fashion accessories,98.98,10,49.49,1039.29,2019-02-08,16:20,Credit card,989.8,4.761904762,49.49,8.7,2019-02-08 16:20:00,2019,2,February,8,Friday,16,False,Afternoon,103.93,4.76,High,High
796-32-9050,A,Yangon,Normal,Male,Food and beverages,51.28,6,15.384,323.064,2019-01-19,16:31,Cash,307.68,4.761904762,15.384,6.5,2019-01-19 16:31:00,2019,1,January,19,Saturday,16,True,Afternoon,53.84,4.76,Medium,Medium
105-31-1824,A,Yangon,Member,Male,Sports and travel,69.52,7,24.332,510.972,2019-02-01,15:10,Credit card,486.64,4.761904762,24.332,8.5,2019-02-01 15:10:00,2019,2,February,1,Friday,15,False,Afternoon,73.0,4.76,High,High
249-42-3782,A,Yangon,Normal,Male,Health and beauty,70.01,5,17.5025,367.5525,2019-01-03,11:36,Ewallet,350.05,4.761904762,17.5025,5.5,2019-01-03 11:36:00,2019,1,January,3,Thursday,11,False,Morning,73.51,4.76,Medium,Low
316-55-4634,B,Mandalay,Member,Male,Food and beverages,80.05,5,20.0125,420.2625,2019-01-26,12:45,Credit card,400.25,4.761904762,20.0125,9.4,2019-01-26 12:45:00,2019,1,January,26,Saturday,12,True,Afternoon,84.05,4.76,High,High
733-33-4967,C,Naypyitaw,Normal,Male,Electronic accessories,20.85,8,8.34,175.14,2019-03-03,19:17,Cash,166.8,4.761904762,8.34,6.3,2019-03-03 19:17:00,2019,3,March,3,Sunday,19,True,Evening,21.89,4.76,Medium,Medium
608-27-6295,B,Mandalay,Member,Male,Electronic accessories,52.89,6,15.867,333.207,2019-01-19,17:34,Credit card,317.34,4.761904762,15.867,9.8,2019-01-19 17:34:00,2019,1,January,19,Saturday,17,True,Evening,55.53,4.76,Medium,High
414-12-7047,B,Mandalay,Normal,Male,Food and beverages,19.79,8,7.916,166.236,2019-01-18,12:04,Ewallet,158.32,4.761904762,7.916,8.7,2019-01-18 12:04:00,2019,1,January,18,Friday,12,False,Afternoon,20.78,4.76,Medium,High
827-26-2100,A,Yangon,Member,Male,Home and lifestyle,33.84,9,15.228,319.788,2019-03-21,16:21,Ewallet,304.56,4.761904762,15.228,8.8,2019-03-21 16:21:00,2019,3,March,21,Thursday,16,False,Afternoon,35.53,4.76,Medium,High
175-54-2529,A,Yangon,Member,Male,Food and beverages,22.17,8,8.868,186.228,2019-03-03,17:01,Credit card,177.36,4.761904762,8.868,9.6,2019-03-03 17:01:00,2019,3,March,3,Sunday,17,True,Evening,23.28,4.76,Medium,High
139-52-2867,C,Naypyitaw,Normal,Female,Fashion accessories,22.51,7,7.8785,165.4485,2019-02-13,10:50,Credit card,157.57,4.761904762,7.8785,4.8,2019-02-13 10:50:00,2019,2,February,13,Wednesday,10,False,Morning,23.64,4.76,Medium,Low
407-63-8975,A,Yangon,Normal,Male,Food and beverages,73.88,6,22.164,465.444,2019-03-23,19:16,Ewallet,443.28,4.761904762,22.164,4.4,2019-03-23 19:16:00,2019,3,March,23,Saturday,19,True,Evening,77.57,4.76,High,Low
342-65-4817,C,Naypyitaw,Member,Male,Health and beauty,86.8,3,13.02,273.42,2019-01-28,16:47,Ewallet,260.4,4.761904762,13.02,9.9,2019-01-28 16:47:00,2019,1,January,28,Monday,16,False,Afternoon,91.14,4.76,Medium,High
130-98-8941,C,Naypyitaw,Normal,Male,Fashion accessories,64.26,7,22.491,472.311,2019-02-09,10:00,Cash,449.82,4.761904762,22.491,5.7,2019-02-09 10:00:00,2019,2,February,9,Saturday,10,True,Morning,67.47,4.76,High,Low
434-83-9547,C,Naypyitaw,Member,Male,Food and beverages,38.47,8,15.388,323.148,2019-01-23,11:51,Cash,307.76,4.761904762,15.388,7.7,2019-01-23 11:51:00,2019,1,January,23,Wednesday,11,False,Morning,40.39,4.76,Medium,Medium
851-28-6367,A,Yangon,Member,Male,Sports and travel,15.5,10,7.75,162.75,2019-03-23,10:55,Ewallet,155.0,4.761904762,7.75,8.0,2019-03-23 10:55:00,2019,3,March,23,Saturday,10,True,Morning,16.27,4.76,Low,Medium
824-88-3614,C,Naypyitaw,Normal,Male,Health and beauty,34.31,8,13.724,288.204,2019-01-25,15:00,Ewallet,274.48,4.761904762,13.724,5.7,2019-01-25 15:00:00,2019,1,January,25,Friday,15,False,Afternoon,36.03,4.76,Medium,Low
586-25-0848,A,Yangon,Normal,Female,Sports and travel,12.34,7,4.319,90.699,2019-03-04,11:19,Credit card,86.38,4.761904762,4.319,6.7,2019-03-04 11:19:00,2019,3,March,4,Monday,11,False,Morning,12.96,4.76,Low,Medium
895-66-0685,B,Mandalay,Member,Male,Food and beverages,18.08,3,2.712,56.952,2019-03-05,19:46,Ewallet,54.24,4.761904762,2.712,8.0,2019-03-05 19:46:00,2019,3,March,5,Tuesday,19,False,Evening,18.98,4.76,Low,Medium
305-14-0245,B,Mandalay,Member,Female,Home and lifestyle,94.49,8,37.796,793.716,2019-03-03,19:00,Ewallet,755.92,4.761904762,37.796,7.5,2019-03-03 19:00:00,2019,3,March,3,Sunday,19,True,Evening,99.21,4.76,High,Medium
732-04-5373,B,Mandalay,Member,Male,Home and lifestyle,46.47,4,9.294,195.174,2019-02-08,10:53,Cash,185.88,4.761904762,9.294,7.0,2019-02-08 10:53:00,2019,2,February,8,Friday,10,False,Morning,48.79,4.76,Medium,Medium
400-60-7251,A,Yangon,Normal,Male,Home and lifestyle,74.07,1,3.7035,77.7735,2019-02-10,12:50,Ewallet,74.07,4.761904762,3.7035,9.9,2019-02-10 12:50:00,2019,2,February,10,Sunday,12,True,Afternoon,77.77,4.76,Low,High
593-65-1552,C,Naypyitaw,Normal,Female,Home and lifestyle,69.81,4,13.962,293.202,2019-01-28,20:50,Credit card,279.24,4.761904762,13.962,5.9,2019-01-28 20:50:00,2019,1,January,28,Monday,20,False,Evening,73.3,4.76,Medium,Low
284-34-9626,B,Mandalay,Normal,Female,Home and lifestyle,77.04,3,11.556,242.676,2019-02-11,10:39,Credit card,231.12,4.761904762,11.556,7.2,2019-02-11 10:39:00,2019,2,February,11,Monday,10,False,Morning,80.89,4.76,Medium,Medium
437-58-8131,B,Mandalay,Normal,Female,Fashion accessories,73.52,2,7.352,154.392,2019-01-15,13:41,Ewallet,147.04,4.761904762,7.352,4.6,2019-01-15 13:41:00,2019,1,January,15,Tuesday,13,False,Afternoon,77.2,4.76,Low,Low
286-43-6208,C,Naypyitaw,Normal,Female,Food and beverages,87.8,9,39.51,829.71,2019-03-16,19:08,Cash,790.2,4.761904762,39.51,9.2,2019-03-16 19:08:00,2019,3,March,16,Saturday,19,True,Evening,92.19,4.76,High,High
641-43-2399,B,Mandalay,Normal,Male,Home and lifestyle,25.55,4,5.11,107.31,2019-01-26,20:23,Ewallet,102.2,4.761904762,5.11,5.7,2019-01-26 20:23:00,2019,1,January,26,Saturday,20,True,Evening,26.83,4.76,Low,Low
831-07-6050,A,Yangon,Normal,Male,Electronic accessories,32.71,5,8.1775,171.7275,2019-03-19,11:30,Credit card,163.55,4.761904762,8.1775,9.9,2019-03-19 11:30:00,2019,3,March,19,Tuesday,11,False,Morning,34.35,4.76,Medium,High
556-86-3144,C,Naypyitaw,Member,Female,Fashion accessories,74.29,1,3.7145,78.0045,2019-01-13,19:30,Cash,74.29,4.761904762,3.7145,5.0,2019-01-13 19:30:00,2019,1,January,13,Sunday,19,True,Evening,78.0,4.76,Low,Low
848-24-9445,C,Naypyitaw,Member,Male,Health and beauty,43.7,2,4.37,91.77,2019-03-26,18:03,Cash,87.4,4.761904762,4.37,4.9,2019-03-26 18:03:00,2019,3,March,26,Tuesday,18,False,Evening,45.88,4.76,Low,Low
856-22-8149,A,Yangon,Normal,Female,Home and lifestyle,25.29,1,1.2645,26.5545,2019-03-23,10:13,Ewallet,25.29,4.761904762,1.2645,6.1,2019-03-23 10:13:00,2019,3,March,23,Saturday,10,True,Morning,26.55,4.76,Low,Medium
699-01-4164,C,Naypyitaw,Normal,Male,Health and beauty,41.5,4,8.3,174.3,2019-03-12,19:58,Credit card,166.0,4.761904762,8.3,8.2,2019-03-12 19:58:00,2019,3,March,12,Tuesday,19,False,Evening,43.58,4.76,Medium,High
420-11-4919,C,Naypyitaw,Member,Female,Food and beverages,71.39,5,17.8475,374.7975,2019-02-17,19:57,Credit card,356.95,4.761904762,17.8475,5.5,2019-02-17 19:57:00,2019,2,February,17,Sunday,19,True,Evening,74.96,4.76,Medium,Low
606-80-4905,C,Naypyitaw,Member,Female,Sports and travel,19.15,6,5.745,120.645,2019-01-29,10:01,Credit card,114.9,4.761904762,5.745,6.8,2019-01-29 10:01:00,2019,1,January,29,Tuesday,10,False,Morning,20.11,4.76,Low,Medium
542-41-0513,B,Mandalay,Member,Female,Electronic accessories,57.49,4,11.498,241.458,2019-03-15,11:57,Cash,229.96,4.761904762,11.498,6.6,2019-03-15 11:57:00,2019,3,March,15,Friday,11,False,Morning,60.36,4.76,Medium,Medium
426-39-2418,C,Naypyitaw,Normal,Male,Electronic accessories,61.41,7,21.4935,451.3635,2019-01-14,10:02,Cash,429.87,4.761904762,21.4935,9.8,2019-01-14 10:02:00,2019,1,January,14,Monday,10,False,Morning,64.48,4.76,High,High
875-46-5808,B,Mandalay,Member,Male,Health and beauty,25.9,10,12.95,271.95,2019-02-06,14:51,Ewallet,259.0,4.761904762,12.95,8.7,2019-02-06 14:51:00,2019,2,February,6,Wednesday,14,False,Afternoon,27.2,4.76,Medium,High
394-43-4238,B,Mandalay,Member,Male,Home and lifestyle,17.77,5,4.4425,93.2925,2019-02-15,12:42,Credit card,88.85,4.761904762,4.4425,5.4,2019-02-15 12:42:00,2019,2,February,15,Friday,12,False,Afternoon,18.66,4.76,Low,Low
749-24-1565,A,Yangon,Normal,Female,Health and beauty,23.03,9,10.3635,217.6335,2019-01-03,12:02,Ewallet,207.27,4.761904762,10.3635,7.9,2019-01-03 12:02:00,2019,1,January,3,Thursday,12,False,Afternoon,24.18,4.76,Medium,Medium
672-51-8681,C,Naypyitaw,Member,Female,Electronic accessories,66.65,9,29.9925,629.8425,2019-01-04,18:19,Credit card,599.85,4.761904762,29.9925,9.7,2019-01-04 18:19:00,2019,1,January,4,Friday,18,False,Evening,69.98,4.76,High,High
263-87-5680,C,Naypyitaw,Member,Female,Home and lifestyle,28.53,10,14.265,299.565,2019-03-18,17:38,Ewallet,285.3,4.761904762,14.265,7.8,2019-03-18 17:38:00,2019,3,March,18,Monday,17,False,Evening,29.96,4.76,Medium,Medium
573-58-9734,B,Mandalay,Normal,Female,Fashion accessories,30.37,3,4.5555,95.6655,2019-03-28,13:41,Ewallet,91.11,4.761904762,4.5555,5.1,2019-03-28 13:41:00,2019,3,March,28,Thursday,13,False,Afternoon,31.89,4.76,Low,Low
817-69-8206,B,Mandalay,Normal,Female,Electronic accessories,99.73,9,44.8785,942.4485,2019-03-02,19:42,Credit card,897.57,4.761904762,44.8785,6.5,2019-03-02 19:42:00,2019,3,March,2,Saturday,19,True,Evening,104.72,4.76,High,Medium
888-02-0338,A,Yangon,Normal,Male,Electronic accessories,26.23,9,11.8035,247.8735,2019-01-25,20:24,Ewallet,236.07,4.761904762,11.8035,5.9,2019-01-25 20:24:00,2019,1,January,25,Friday,20,False,Evening,27.54,4.76,Medium,Low
677-11-0152,C,Naypyitaw,Normal,Female,Food and beverages,93.26,9,41.967,881.307,2019-01-16,18:08,Cash,839.34,4.761904762,41.967,8.8,2019-01-16 18:08:00,2019,1,January,16,Wednesday,18,False,Evening,97.92,4.76,High,High
142-63-6033,B,Mandalay,Normal,Male,Home and lifestyle,92.36,5,23.09,484.89,2019-03-20,19:17,Ewallet,461.8,4.761904762,23.09,4.9,2019-03-20 19:17:00,2019,3,March,20,Wednesday,19,False,Evening,96.98,4.76,High,Low
656-16-1063,B,Mandalay,Normal,Male,Sports and travel,46.42,3,6.963,146.223,2019-01-04,13:24,Credit card,139.26,4.761904762,6.963,4.4,2019-01-04 13:24:00,2019,1,January,4,Friday,13,False,Afternoon,48.74,4.76,Low,Low
891-58-8335,B,Mandalay,Member,Female,Sports and travel,29.61,7,10.3635,217.6335,2019-03-11,15:53,Cash,207.27,4.761904762,10.3635,6.5,2019-03-11 15:53:00,2019,3,March,11,Monday,15,False,Afternoon,31.09,4.76,Medium,Medium
802-43-8934,A,Yangon,Normal,Male,Home and lifestyle,18.28,1,0.914,19.194,2019-03-22,15:05,Credit card,18.28,4.761904762,0.914,8.3,2019-03-22 15:05:00,2019,3,March,22,Friday,15,False,Afternoon,19.19,4.76,Low,High
560-30-5617,B,Mandalay,Normal,Female,Sports and travel,24.77,5,6.1925,130.0425,2019-03-24,18:27,Cash,123.85,4.761904762,6.1925,8.5,2019-03-24 18:27:00,2019,3,March,24,Sunday,18,True,Evening,26.01,4.76,Low,High
319-74-2561,A,Yangon,Member,Female,Electronic accessories,94.64,3,14.196,298.116,2019-02-21,16:55,Cash,283.92,4.761904762,14.196,5.5,2019-02-21 16:55:00,2019,2,February,21,Thursday,16,False,Afternoon,99.37,4.76,Medium,Low
549-03-9315,B,Mandalay,Normal,Male,Fashion accessories,94.87,8,37.948,796.908,2019-02-12,12:58,Ewallet,758.96,4.761904762,37.948,8.7,2019-02-12 12:58:00,2019,2,February,12,Tuesday,12,False,Afternoon,99.61,4.76,High,High
790-29-1172,B,Mandalay,Normal,Female,Food and beverages,57.34,3,8.601,180.621,2019-03-10,18:59,Credit card,172.02,4.761904762,8.601,7.9,2019-03-10 18:59:00,2019,3,March,10,Sunday,18,True,Evening,60.21,4.76,Medium,Medium
239-36-3640,B,Mandalay,Normal,Male,Electronic accessories,45.35,6,13.605,285.705,2019-01-31,13:44,Ewallet,272.1,4.761904762,13.605,6.1,2019-01-31 13:44:00,2019,1,January,31,Thursday,13,False,Afternoon,47.62,4.76,Medium,Medium
468-01-2051,B,Mandalay,Normal,Male,Food and beverages,62.08,7,21.728,456.288,2019-03-06,13:46,Ewallet,434.56,4.761904762,21.728,5.4,2019-03-06 13:46:00,2019,3,March,6,Wednesday,13,False,Afternoon,65.18,4.76,High,Low
389-25-3394,C,Naypyitaw,Normal,Male,Electronic accessories,11.81,5,2.9525,62.0025,2019-02-17,18:06,Cash,59.05,4.761904762,2.9525,9.4,2019-02-17 18:06:00,2019,2,February,17,Sunday,18,True,Evening,12.4,4.76,Low,High
279-62-1445,C,Naypyitaw,Member,Female,Fashion accessories,12.54,1,0.627,13.167,2019-02-21,12:38,Cash,12.54,4.761904762,0.627,8.2,2019-02-21 12:38:00,2019,2,February,21,Thursday,12,False,Afternoon,13.17,4.76,Low,High
213-72-6612,A,Yangon,Normal,Male,Food and beverages,43.25,2,4.325,90.825,2019-03-20,15:56,Cash,86.5,4.761904762,4.325,6.2,2019-03-20 15:56:00,2019,3,March,20,Wednesday,15,False,Afternoon,45.41,4.76,Low,Medium
746-68-6593,C,Naypyitaw,Member,Female,Sports and travel,87.16,2,8.716,183.036,2019-01-11,14:29,Credit card,174.32,4.761904762,8.716,9.7,2019-01-11 14:29:00,2019,1,January,11,Friday,14,False,Afternoon,91.52,4.76,Medium,High
836-82-5858,B,Mandalay,Member,Male,Health and beauty,69.37,9,31.2165,655.5465,2019-01-26,19:14,Ewallet,624.33,4.761904762,31.2165,4.0,2019-01-26 19:14:00,2019,1,January,26,Saturday,19,True,Evening,72.84,4.76,High,Low
583-72-1480,C,Naypyitaw,Member,Male,Electronic accessories,37.06,4,7.412,155.652,2019-01-31,16:24,Ewallet,148.24,4.761904762,7.412,9.7,2019-01-31 16:24:00,2019,1,January,31,Thursday,16,False,Afternoon,38.91,4.76,Low,High
466-61-5506,B,Mandalay,Member,Female,Electronic accessories,90.7,6,27.21,571.41,2019-02-26,10:52,Cash,544.2,4.761904762,27.21,5.3,2019-02-26 10:52:00,2019,2,February,26,Tuesday,10,False,Morning,95.24,4.76,High,Low
721-86-6247,A,Yangon,Normal,Female,Home and lifestyle,63.42,8,25.368,532.728,2019-03-11,12:55,Ewallet,507.36,4.761904762,25.368,7.4,2019-03-11 12:55:00,2019,3,March,11,Monday,12,False,Afternoon,66.59,4.76,High,Medium
289-65-5721,B,Mandalay,Normal,Female,Fashion accessories,81.37,2,8.137,170.877,2019-01-26,19:28,Cash,162.74,4.761904762,8.137,6.5,2019-01-26 19:28:00,2019,1,January,26,Saturday,19,True,Evening,85.44,4.76,Medium,Medium
545-46-3100,B,Mandalay,Member,Female,Electronic accessories,10.59,3,1.5885,33.3585,2019-03-12,13:52,Credit card,31.77,4.761904762,1.5885,8.7,2019-03-12 13:52:00,2019,3,March,12,Tuesday,13,False,Afternoon,11.12,4.76,Low,High
418-02-5978,B,Mandalay,Normal,Female,Health and beauty,84.09,9,37.8405,794.6505,2019-02-11,10:54,Cash,756.81,4.761904762,37.8405,8.0,2019-02-11 10:54:00,2019,2,February,11,Monday,10,False,Morning,88.29,4.76,High,Medium
269-04-5750,B,Mandalay,Member,Male,Fashion accessories,73.82,4,14.764,310.044,2019-02-21,18:31,Cash,295.28,4.761904762,14.764,6.7,2019-02-21 18:31:00,2019,2,February,21,Thursday,18,False,Evening,77.51,4.76,Medium,Medium
157-13-5295,A,Yangon,Member,Male,Health and beauty,51.94,10,25.97,545.37,2019-03-09,18:24,Ewallet,519.4,4.761904762,25.97,6.5,2019-03-09 18:24:00,2019,3,March,9,Saturday,18,True,Evening,54.54,4.76,High,Medium
645-78-8093,A,Yangon,Normal,Female,Sports and travel,93.14,2,9.314,195.594,2019-01-20,18:09,Ewallet,186.28,4.761904762,9.314,4.1,2019-01-20 18:09:00,2019,1,January,20,Sunday,18,True,Evening,97.8,4.76,Medium,Low
211-30-9270,C,Naypyitaw,Normal,Male,Health and beauty,17.41,5,4.3525,91.4025,2019-01-28,15:16,Credit card,87.05,4.761904762,4.3525,4.9,2019-01-28 15:16:00,2019,1,January,28,Monday,15,False,Afternoon,18.28,4.76,Low,Low
755-12-3214,C,Naypyitaw,Member,Female,Fashion accessories,44.22,5,11.055,232.155,2019-03-05,17:07,Credit card,221.1,4.761904762,11.055,8.6,2019-03-05 17:07:00,2019,3,March,5,Tuesday,17,False,Evening,46.43,4.76,Medium,High
346-84-3103,B,Mandalay,Member,Female,Electronic accessories,13.22,5,3.305,69.405,2019-03-02,19:26,Cash,66.1,4.761904762,3.305,4.3,2019-03-02 19:26:00,2019,3,March,2,Saturday,19,True,Evening,13.88,4.76,Low,Low
478-06-7835,A,Yangon,Normal,Male,Fashion accessories,89.69,1,4.4845,94.1745,2019-01-11,11:20,Ewallet,89.69,4.761904762,4.4845,4.9,2019-01-11 11:20:00,2019,1,January,11,Friday,11,False,Morning,94.17,4.76,Low,Low
540-11-4336,A,Yangon,Normal,Male,Food and beverages,24.94,9,11.223,235.683,2019-01-11,16:49,Credit card,224.46,4.761904762,11.223,5.6,2019-01-11 16:49:00,2019,1,January,11,Friday,16,False,Afternoon,26.19,4.76,Medium,Low
448-81-5016,A,Yangon,Normal,Male,Health and beauty,59.77,2,5.977,125.517,2019-03-11,12:01,Credit card,119.54,4.761904762,5.977,5.8,2019-03-11 12:01:00,2019,3,March,11,Monday,12,False,Afternoon,62.76,4.76,Low,Low
142-72-4741,C,Naypyitaw,Member,Male,Fashion accessories,93.2,2,9.32,195.72,2019-02-28,18:37,Credit card,186.4,4.761904762,9.32,6.0,2019-02-28 18:37:00,2019,2,February,28,Thursday,18,False,Evening,97.86,4.76,Medium,Low
217-58-1179,A,Yangon,Member,Male,Home and lifestyle,62.65,4,12.53,263.13,2019-01-05,11:25,Cash,250.6,4.761904762,12.53,4.2,2019-01-05 11:25:00,2019,1,January,5,Saturday,11,True,Morning,65.78,4.76,Medium,Low
376-02-8238,B,Mandalay,Normal,Male,Home and lifestyle,93.87,8,37.548,788.508,2019-02-02,18:42,Credit card,750.96,4.761904762,37.548,8.3,2019-02-02 18:42:00,2019,2,February,2,Saturday,18,True,Evening,98.56,4.76,High,High
530-90-9855,A,Yangon,Member,Male,Home and lifestyle,47.59,8,19.036,399.756,2019-01-01,14:47,Cash,380.72,4.761904762,19.036,5.7,2019-01-01 14:47:00,2019,1,January,1,Tuesday,14,False,Afternoon,49.97,4.76,High,Low
866-05-7563,B,Mandalay,Member,Female,Electronic accessories,81.4,3,12.21,256.41,2019-02-09,19:43,Cash,244.2,4.761904762,12.21,4.8,2019-02-09 19:43:00,2019,2,February,9,Saturday,19,True,Evening,85.47,4.76,Medium,Low
604-70-6476,A,Yangon,Member,Male,Fashion accessories,17.94,5,4.485,94.185,2019-01-23,14:04,Ewallet,89.7,4.761904762,4.485,6.8,2019-01-23 14:04:00,2019,1,January,23,Wednesday,14,False,Afternoon,18.84,4.76,Low,Medium
799-71-1548,A,Yangon,Member,Male,Electronic accessories,77.72,4,15.544,326.424,2019-01-07,16:11,Credit card,310.88,4.761904762,15.544,8.8,2019-01-07 16:11:00,2019,1,January,7,Monday,16,False,Afternoon,81.61,4.76,Medium,High
785-13-7708,B,Mandalay,Normal,Male,Food and beverages,73.06,7,25.571,536.991,2019-01-14,19:06,Credit card,511.42,4.761904762,25.571,4.2,2019-01-14 19:06:00,2019,1,January,14,Monday,19,False,Evening,76.71,4.76,High,Low
845-51-0542,B,Mandalay,Member,Male,Food and beverages,46.55,9,20.9475,439.8975,2019-02-02,15:34,Ewallet,418.95,4.761904762,20.9475,6.4,2019-02-02 15:34:00,2019,2,February,2,Saturday,15,True,Afternoon,48.88,4.76,High,Medium
662-47-5456,C,Naypyitaw,Member,Male,Fashion accessories,35.19,10,17.595,369.495,2019-03-17,19:06,Credit card,351.9,4.761904762,17.595,8.4,2019-03-17 19:06:00,2019,3,March,17,Sunday,19,True,Evening,36.95,4.76,Medium,High
883-17-4236,C,Naypyitaw,Normal,Female,Sports and travel,14.39,2,1.439,30.219,2019-03-02,19:44,Credit card,28.78,4.761904762,1.439,7.2,2019-03-02 19:44:00,2019,3,March,2,Saturday,19,True,Evening,15.11,4.76,Low,Medium
290-68-2984,A,Yangon,Normal,Male,Home and lifestyle,23.75,4,4.75,99.75,2019-03-16,11:22,Cash,95.0,4.761904762,4.75,5.2,2019-03-16 11:22:00,2019,3,March,16,Saturday,11,True,Morning,24.94,4.76,Low,Low
704-11-6354,A,Yangon,Member,Male,Home and lifestyle,58.9,8,23.56,494.76,2019-01-06,11:23,Cash,471.2,4.761904762,23.56,8.9,2019-01-06 11:23:00,2019,1,January,6,Sunday,11,True,Morning,61.84,4.76,High,High
110-48-7033,B,Mandalay,Member,Male,Fashion accessories,32.62,4,6.524,137.004,2019-01-29,14:12,Cash,130.48,4.761904762,6.524,9.0,2019-01-29 14:12:00,2019,1,January,29,Tuesday,14,False,Afternoon,34.25,4.76,Low,High
366-93-0948,A,Yangon,Member,Male,Electronic accessories,66.35,1,3.3175,69.6675,2019-01-31,10:46,Credit card,66.35,4.761904762,3.3175,9.7,2019-01-31 10:46:00,2019,1,January,31,Thursday,10,False,Morning,69.67,4.76,Low,High
729-09-9681,A,Yangon,Member,Male,Home and lifestyle,25.91,6,7.773,163.233,2019-02-05,10:16,Ewallet,155.46,4.761904762,7.773,8.7,2019-02-05 10:16:00,2019,2,February,5,Tuesday,10,False,Morning,27.21,4.76,Low,High
151-16-1484,A,Yangon,Member,Male,Electronic accessories,32.25,4,6.45,135.45,2019-02-13,12:38,Ewallet,129.0,4.761904762,6.45,6.5,2019-02-13 12:38:00,2019,2,February,13,Wednesday,12,False,Afternoon,33.86,4.76,Low,Medium
380-94-4661,C,Naypyitaw,Member,Male,Electronic accessories,65.94,4,13.188,276.948,2019-02-07,13:05,Credit card,263.76,4.761904762,13.188,6.9,2019-02-07 13:05:00,2019,2,February,7,Thursday,13,False,Afternoon,69.24,4.76,Medium,Medium
850-41-9669,A,Yangon,Normal,Female,Electronic accessories,75.06,9,33.777,709.317,2019-03-19,13:25,Ewallet,675.54,4.761904762,33.777,6.2,2019-03-19 13:25:00,2019,3,March,19,Tuesday,13,False,Afternoon,78.81,4.76,High,Medium
821-07-3596,C,Naypyitaw,Normal,Female,Fashion accessories,16.45,4,3.29,69.09,2019-03-07,14:53,Ewallet,65.8,4.761904762,3.29,5.6,2019-03-07 14:53:00,2019,3,March,7,Thursday,14,False,Afternoon,17.27,4.76,Low,Low
655-85-5130,B,Mandalay,Member,Female,Fashion accessories,38.3,4,7.66,160.86,2019-03-13,19:22,Cash,153.2,4.761904762,7.66,5.7,2019-03-13 19:22:00,2019,3,March,13,Wednesday,19,False,Evening,40.22,4.76,Low,Low
447-15-7839,A,Yangon,Member,Female,Sports and travel,22.24,10,11.12,233.52,2019-02-09,11:00,Cash,222.4,4.761904762,11.12,4.2,2019-02-09 11:00:00,2019,2,February,9,Saturday,11,True,Morning,23.35,4.76,Medium,Low
154-74-7179,B,Mandalay,Normal,Male,Sports and travel,54.45,1,2.7225,57.1725,2019-02-26,19:24,Ewallet,54.45,4.761904762,2.7225,7.9,2019-02-26 19:24:00,2019,2,February,26,Tuesday,19,False,Evening,57.17,4.76,Low,Medium
253-12-6086,A,Yangon,Member,Female,Sports and travel,98.4,7,34.44,723.24,2019-03-12,12:43,Credit card,688.8,4.761904762,34.44,8.7,2019-03-12 12:43:00,2019,3,March,12,Tuesday,12,False,Afternoon,103.32,4.76,High,High
808-65-0703,C,Naypyitaw,Normal,Male,Home and lifestyle,35.47,4,7.094,148.974,2019-03-14,17:22,Credit card,141.88,4.761904762,7.094,6.9,2019-03-14 17:22:00,2019,3,March,14,Thursday,17,False,Evening,37.24,4.76,Low,Medium
571-94-0759,B,Mandalay,Member,Female,Food and beverages,74.6,10,37.3,783.3,2019-01-08,20:55,Cash,746.0,4.761904762,37.3,9.5,2019-01-08 20:55:00,2019,1,January,8,Tuesday,20,False,Evening,78.33,4.76,High,High
144-51-6085,A,Yangon,Member,Male,Home and lifestyle,70.74,4,14.148,297.108,2019-01-05,16:05,Credit card,282.96,4.761904762,14.148,4.4,2019-01-05 16:05:00,2019,1,January,5,Saturday,16,True,Afternoon,74.28,4.76,Medium,Low
731-14-2199,A,Yangon,Member,Female,Home and lifestyle,35.54,10,17.77,373.17,2019-01-04,13:34,Ewallet,355.4,4.761904762,17.77,7.0,2019-01-04 13:34:00,2019,1,January,4,Friday,13,False,Afternoon,37.32,4.76,Medium,Medium
783-09-1637,B,Mandalay,Normal,Female,Sports and travel,67.43,5,16.8575,354.0075,2019-03-06,18:13,Ewallet,337.15,4.761904762,16.8575,6.3,2019-03-06 18:13:00,2019,3,March,6,Wednesday,18,False,Evening,70.8,4.76,Medium,Medium
687-15-1097,C,Naypyitaw,Member,Female,Health and beauty,21.12,2,2.112,44.352,2019-01-03,19:17,Cash,42.24,4.761904762,2.112,9.7,2019-01-03 19:17:00,2019,1,January,3,Thursday,19,False,Evening,22.18,4.76,Low,High
126-54-1082,A,Yangon,Member,Female,Home and lifestyle,21.54,9,9.693,203.553,2019-01-07,11:44,Credit card,193.86,4.761904762,9.693,8.8,2019-01-07 11:44:00,2019,1,January,7,Monday,11,False,Morning,22.62,4.76,Medium,High
633-91-1052,A,Yangon,Normal,Female,Home and lifestyle,12.03,2,1.203,25.263,2019-01-27,15:51,Cash,24.06,4.761904762,1.203,5.1,2019-01-27 15:51:00,2019,1,January,27,Sunday,15,True,Afternoon,12.63,4.76,Low,Low
477-24-6490,B,Mandalay,Normal,Female,Health and beauty,99.71,6,29.913,628.173,2019-02-26,16:52,Ewallet,598.26,4.761904762,29.913,7.9,2019-02-26 16:52:00,2019,2,February,26,Tuesday,16,False,Afternoon,104.7,4.76,High,Medium
566-19-5475,B,Mandalay,Normal,Male,Fashion accessories,47.97,7,16.7895,352.5795,2019-01-07,20:52,Cash,335.79,4.761904762,16.7895,6.2,2019-01-07 20:52:00,2019,1,January,7,Monday,20,False,Evening,50.37,4.76,Medium,Medium
526-86-8552,C,Naypyitaw,Member,Female,Home and lifestyle,21.82,10,10.91,229.11,2019-01-07,17:36,Cash,218.2,4.761904762,10.91,7.1,2019-01-07 17:36:00,2019,1,January,7,Monday,17,False,Evening,22.91,4.76,Medium,Medium
376-56-3573,C,Naypyitaw,Normal,Female,Fashion accessories,95.42,4,19.084,400.764,2019-02-02,13:23,Ewallet,381.68,4.761904762,19.084,6.4,2019-02-02 13:23:00,2019,2,February,2,Saturday,13,True,Afternoon,100.19,4.76,High,Medium
537-72-0426,C,Naypyitaw,Member,Male,Fashion accessories,70.99,10,35.495,745.395,2019-03-20,16:28,Cash,709.9,4.761904762,35.495,5.7,2019-03-20 16:28:00,2019,3,March,20,Wednesday,16,False,Afternoon,74.54,4.76,High,Low
828-61-5674,A,Yangon,Member,Male,Sports and travel,44.02,10,22.01,462.21,2019-03-20,19:57,Credit card,440.2,4.761904762,22.01,9.6,2019-03-20 19:57:00,2019,3,March,20,Wednesday,19,False,Evening,46.22,4.76,High,High
136-08-6195,A,Yangon,Normal,Female,Home and lifestyle,69.96,8,27.984,587.664,2019-02-15,17:01,Credit card,559.68,4.761904762,27.984,6.4,2019-02-15 17:01:00,2019,2,February,15,Friday,17,False,Evening,73.46,4.76,High,Medium
523-38-0215,C,Naypyitaw,Normal,Male,Home and lifestyle,37.0,1,1.85,38.85,2019-03-06,13:29,Credit card,37.0,4.761904762,1.85,7.9,2019-03-06 13:29:00,2019,3,March,6,Wednesday,13,False,Afternoon,38.85,4.76,Low,Medium
490-29-1201,A,Yangon,Normal,Female,Sports and travel,15.34,1,0.767,16.107,2019-01-06,11:09,Cash,15.34,4.761904762,0.767,6.5,2019-01-06 11:09:00,2019,1,January,6,Sunday,11,True,Morning,16.11,4.76,Low,Medium
667-92-0055,A,Yangon,Member,Male,Health and beauty,99.83,6,29.949,628.929,2019-03-04,15:02,Ewallet,598.98,4.761904762,29.949,8.5,2019-03-04 15:02:00,2019,3,March,4,Monday,15,False,Afternoon,104.82,4.76,High,High
565-17-3836,A,Yangon,Member,Female,Health and beauty,47.67,4,9.534,200.214,2019-03-12,14:21,Cash,190.68,4.761904762,9.534,9.1,2019-03-12 14:21:00,2019,3,March,12,Tuesday,14,False,Afternoon,50.05,4.76,Medium,High
498-41-1961,B,Mandalay,Normal,Male,Health and beauty,66.68,5,16.67,350.07,2019-02-20,18:01,Cash,333.4,4.761904762,16.67,7.6,2019-02-20 18:01:00,2019,2,February,20,Wednesday,18,False,Evening,70.01,4.76,Medium,Medium
593-95-4461,C,Naypyitaw,Member,Male,Home and lifestyle,74.86,1,3.743,78.603,2019-03-24,14:49,Cash,74.86,4.761904762,3.743,6.9,2019-03-24 14:49:00,2019,3,March,24,Sunday,14,True,Afternoon,78.6,4.76,Low,Medium
226-71-3580,C,Naypyitaw,Normal,Female,Sports and travel,23.75,9,10.6875,224.4375,2019-01-31,12:02,Cash,213.75,4.761904762,10.6875,9.5,2019-01-31 12:02:00,2019,1,January,31,Thursday,12,False,Afternoon,24.94,4.76,Medium,High
283-79-9594,B,Mandalay,Normal,Female,Food and beverages,48.51,7,16.9785,356.5485,2019-01-25,13:30,Credit card,339.57,4.761904762,16.9785,5.2,2019-01-25 13:30:00,2019,1,January,25,Friday,13,False,Afternoon,50.94,4.76,Medium,Low
430-60-3493,A,Yangon,Member,Female,Home and lifestyle,94.88,7,33.208,697.368,2019-02-03,14:38,Cash,664.16,4.761904762,33.208,4.2,2019-02-03 14:38:00,2019,2,February,3,Sunday,14,True,Afternoon,99.62,4.76,High,Low
139-20-0155,B,Mandalay,Member,Male,Electronic accessories,40.3,10,20.15,423.15,2019-01-24,17:37,Credit card,403.0,4.761904762,20.15,7.0,2019-01-24 17:37:00,2019,1,January,24,Thursday,17,False,Evening,42.32,4.76,High,Medium
558-80-4082,C,Naypyitaw,Normal,Male,Electronic accessories,27.85,7,9.7475,204.6975,2019-03-14,17:20,Ewallet,194.95,4.761904762,9.7475,6.0,2019-03-14 17:20:00,2019,3,March,14,Thursday,17,False,Evening,29.24,4.76,Medium,Low
278-97-7759,A,Yangon,Member,Female,Electronic accessories,62.48,1,3.124,65.604,2019-02-18,20:29,Cash,62.48,4.761904762,3.124,4.7,2019-02-18 20:29:00,2019,2,February,18,Monday,20,False,Evening,65.6,4.76,Low,Low
316-68-6352,A,Yangon,Member,Female,Food and beverages,36.36,2,3.636,76.356,2019-01-21,10:00,Cash,72.72,4.761904762,3.636,7.1,2019-01-21 10:00:00,2019,1,January,21,Monday,10,False,Morning,38.18,4.76,Low,Medium
585-03-5943,B,Mandalay,Normal,Male,Health and beauty,18.11,10,9.055,190.155,2019-03-13,11:46,Ewallet,181.1,4.761904762,9.055,5.9,2019-03-13 11:46:00,2019,3,March,13,Wednesday,11,False,Morning,19.02,4.76,Medium,Low
211-05-0490,C,Naypyitaw,Member,Female,Electronic accessories,51.92,5,12.98,272.58,2019-03-03,13:42,Cash,259.6,4.761904762,12.98,7.5,2019-03-03 13:42:00,2019,3,March,3,Sunday,13,True,Afternoon,54.52,4.76,Medium,Medium
727-75-6477,C,Naypyitaw,Normal,Male,Electronic accessories,28.84,4,5.768,121.128,2019-03-29,14:44,Cash,115.36,4.761904762,5.768,6.4,2019-03-29 14:44:00,2019,3,March,29,Friday,14,False,Afternoon,30.28,4.76,Low,Medium
744-02-5987,A,Yangon,Member,Male,Home and lifestyle,78.38,6,23.514,493.794,2019-01-10,14:16,Ewallet,470.28,4.761904762,23.514,5.8,2019-01-10 14:16:00,2019,1,January,10,Thursday,14,False,Afternoon,82.3,4.76,High,Low
307-83-9164,A,Yangon,Member,Male,Home and lifestyle,60.01,4,12.002,252.042,2019-01-25,15:54,Cash,240.04,4.761904762,12.002,4.5,2019-01-25 15:54:00,2019,1,January,25,Friday,15,False,Afternoon,63.01,4.76,Medium,Low
779-06-0012,C,Naypyitaw,Member,Female,Home and lifestyle,88.61,1,4.4305,93.0405,2019-01-19,10:21,Cash,88.61,4.761904762,4.4305,7.7,2019-01-19 10:21:00,2019,1,January,19,Saturday,10,True,Morning,93.04,4.76,Low,Medium
446-47-6729,C,Naypyitaw,Normal,Male,Fashion accessories,99.82,2,9.982,209.622,2019-01-02,18:09,Credit card,199.64,4.761904762,9.982,6.7,2019-01-02 18:09:00,2019,1,January,2,Wednesday,18,False,Evening,104.81,4.76,Medium,Medium
573-10-3877,B,Mandalay,Member,Male,Health and beauty,39.01,1,1.9505,40.9605,2019-03-12,16:46,Credit card,39.01,4.761904762,1.9505,4.7,2019-03-12 16:46:00,2019,3,March,12,Tuesday,16,False,Afternoon,40.96,4.76,Low,Low
735-06-4124,C,Naypyitaw,Normal,Male,Food and beverages,48.61,1,2.4305,51.0405,2019-02-25,15:31,Cash,48.61,4.761904762,2.4305,4.4,2019-02-25 15:31:00,2019,2,February,25,Monday,15,False,Afternoon,51.04,4.76,Low,Low
439-54-7422,A,Yangon,Normal,Female,Electronic accessories,51.19,4,10.238,214.998,2019-03-18,17:15,Credit card,204.76,4.761904762,10.238,4.7,2019-03-18 17:15:00,2019,3,March,18,Monday,17,False,Evening,53.75,4.76,Medium,Low
396-90-2219,B,Mandalay,Normal,Female,Electronic accessories,14.96,8,5.984,125.664,2019-02-23,12:29,Cash,119.68,4.761904762,5.984,8.6,2019-02-23 12:29:00,2019,2,February,23,Saturday,12,True,Afternoon,15.71,4.76,Low,High
411-77-0180,A,Yangon,Member,Male,Electronic accessories,72.2,7,25.27,530.67,2019-03-26,20:14,Ewallet,505.4,4.761904762,25.27,4.3,2019-03-26 20:14:00,2019,3,March,26,Tuesday,20,False,Evening,75.81,4.76,High,Low
286-01-5402,A,Yangon,Normal,Female,Sports and travel,40.23,7,14.0805,295.6905,2019-03-30,13:22,Cash,281.61,4.761904762,14.0805,9.6,2019-03-30 13:22:00,2019,3,March,30,Saturday,13,True,Afternoon,42.24,4.76,Medium,High
803-17-8013,A,Yangon,Member,Female,Home and lifestyle,88.79,8,35.516,745.836,2019-02-17,17:09,Cash,710.32,4.761904762,35.516,4.1,2019-02-17 17:09:00,2019,2,February,17,Sunday,17,True,Evening,93.23,4.76,High,Low
512-98-1403,A,Yangon,Member,Female,Electronic accessories,26.48,3,3.972,83.412,2019-03-21,10:40,Ewallet,79.44,4.761904762,3.972,4.7,2019-03-21 10:40:00,2019,3,March,21,Thursday,10,False,Morning,27.8,4.76,Low,Low
848-42-2560,A,Yangon,Normal,Female,Fashion accessories,81.91,2,8.191,172.011,2019-03-05,17:43,Cash,163.82,4.761904762,8.191,7.8,2019-03-05 17:43:00,2019,3,March,5,Tuesday,17,False,Evening,86.01,4.76,Medium,Medium
532-59-7201,B,Mandalay,Member,Male,Sports and travel,79.93,6,23.979,503.559,2019-01-31,14:04,Cash,479.58,4.761904762,23.979,5.5,2019-01-31 14:04:00,2019,1,January,31,Thursday,14,False,Afternoon,83.93,4.76,High,Low
181-94-6432,C,Naypyitaw,Member,Male,Fashion accessories,69.33,2,6.933,145.593,2019-02-05,19:05,Ewallet,138.66,4.761904762,6.933,9.7,2019-02-05 19:05:00,2019,2,February,5,Tuesday,19,False,Evening,72.8,4.76,Low,High
870-76-1733,A,Yangon,Member,Female,Food and beverages,14.23,5,3.5575,74.7075,2019-02-01,10:08,Credit card,71.15,4.761904762,3.5575,4.4,2019-02-01 10:08:00,2019,2,February,1,Friday,10,False,Morning,14.94,4.76,Low,Low
423-64-4619,A,Yangon,Member,Female,Health and beauty,15.55,9,6.9975,146.9475,2019-03-07,13:12,Cash,139.95,4.761904762,6.9975,5.0,2019-03-07 13:12:00,2019,3,March,7,Thursday,13,False,Afternoon,16.33,4.76,Low,Low
227-07-4446,C,Naypyitaw,Member,Female,Electronic accessories,78.13,10,39.065,820.365,2019-02-10,20:51,Cash,781.3,4.761904762,39.065,4.4,2019-02-10 20:51:00,2019,2,February,10,Sunday,20,True,Evening,82.04,4.76,High,Low
174-36-3675,C,Naypyitaw,Member,Male,Food and beverages,99.37,2,9.937,208.677,2019-02-14,17:29,Cash,198.74,4.761904762,9.937,5.2,2019-02-14 17:29:00,2019,2,February,14,Thursday,17,False,Evening,104.34,4.76,Medium,Low
428-83-5800,C,Naypyitaw,Member,Female,Food and beverages,21.08,3,3.162,66.402,2019-02-09,10:25,Cash,63.24,4.761904762,3.162,7.3,2019-02-09 10:25:00,2019,2,February,9,Saturday,10,True,Morning,22.13,4.76,Low,Medium
603-07-0961,C,Naypyitaw,Member,Male,Electronic accessories,74.79,5,18.6975,392.6475,2019-01-10,11:34,Cash,373.95,4.761904762,18.6975,4.9,2019-01-10 11:34:00,2019,1,January,10,Thursday,11,False,Morning,78.53,4.76,High,Low
704-20-4138,C,Naypyitaw,Member,Female,Health and beauty,29.67,7,10.3845,218.0745,2019-03-11,18:58,Credit card,207.69,4.761904762,10.3845,8.1,2019-03-11 18:58:00,2019,3,March,11,Monday,18,False,Evening,31.15,4.76,Medium,High
787-15-1757,C,Naypyitaw,Member,Male,Health and beauty,44.07,4,8.814,185.094,2019-02-18,16:28,Ewallet,176.28,4.761904762,8.814,8.4,2019-02-18 16:28:00,2019,2,February,18,Monday,16,False,Afternoon,46.27,4.76,Medium,High
649-11-3678,C,Naypyitaw,Normal,Female,Food and beverages,22.93,9,10.3185,216.6885,2019-02-26,20:26,Cash,206.37,4.761904762,10.3185,5.5,2019-02-26 20:26:00,2019,2,February,26,Tuesday,20,False,Evening,24.08,4.76,Medium,Low
622-20-1945,C,Naypyitaw,Normal,Female,Health and beauty,39.42,1,1.971,41.391,2019-01-18,15:08,Cash,39.42,4.761904762,1.971,8.4,2019-01-18 15:08:00,2019,1,January,18,Friday,15,False,Afternoon,41.39,4.76,Low,High
372-94-8041,A,Yangon,Normal,Male,Health and beauty,15.26,6,4.578,96.138,2019-02-15,18:03,Ewallet,91.56,4.761904762,4.578,9.8,2019-02-15 18:03:00,2019,2,February,15,Friday,18,False,Evening,16.02,4.76,Low,High
563-91-7120,A,Yangon,Normal,Female,Fashion accessories,61.77,5,15.4425,324.2925,2019-03-08,13:21,Cash,308.85,4.761904762,15.4425,6.7,2019-03-08 13:21:00,2019,3,March,8,Friday,13,False,Afternoon,64.86,4.76,Medium,Medium
746-54-5508,A,Yangon,Normal,Male,Home and lifestyle,21.52,6,6.456,135.576,2019-01-17,12:48,Credit card,129.12,4.761904762,6.456,9.4,2019-01-17 12:48:00,2019,1,January,17,Thursday,12,False,Afternoon,22.6,4.76,Low,High
276-54-0879,B,Mandalay,Normal,Male,Sports and travel,97.74,4,19.548,410.508,2019-03-12,19:53,Ewallet,390.96,4.761904762,19.548,6.4,2019-03-12 19:53:00,2019,3,March,12,Tuesday,19,False,Evening,102.63,4.76,High,Medium
815-11-1168,A,Yangon,Member,Male,Food and beverages,99.78,5,24.945,523.845,2019-03-09,19:09,Cash,498.9,4.761904762,24.945,5.4,2019-03-09 19:09:00,2019,3,March,9,Saturday,19,True,Evening,104.77,4.76,High,Low
719-76-3868,C,Naypyitaw,Member,Male,Food and beverages,94.26,4,18.852,395.892,2019-03-12,16:30,Cash,377.04,4.761904762,18.852,8.6,2019-03-12 16:30:00,2019,3,March,12,Tuesday,16,False,Afternoon,98.97,4.76,High,High
730-61-8757,B,Mandalay,Member,Male,Health and beauty,51.13,4,10.226,214.746,2019-01-25,10:11,Credit card,204.52,4.761904762,10.226,4.0,2019-01-25 10:11:00,2019,1,January,25,Friday,10,False,Morning,53.69,4.76,Medium,Low
340-66-0321,A,Yangon,Member,Male,Electronic accessories,36.36,4,7.272,152.712,2019-03-25,13:07,Cash,145.44,4.761904762,7.272,7.6,2019-03-25 13:07:00,2019,3,March,25,Monday,13,False,Afternoon,38.18,4.76,Low,Medium
868-81-1752,B,Mandalay,Normal,Male,Home and lifestyle,22.02,9,9.909,208.089,2019-02-07,18:48,Cash,198.18,4.761904762,9.909,6.8,2019-02-07 18:48:00,2019,2,February,7,Thursday,18,False,Evening,23.12,4.76,Medium,Medium
634-97-8956,A,Yangon,Normal,Male,Food and beverages,32.9,3,4.935,103.635,2019-02-17,17:27,Credit card,98.7,4.761904762,4.935,9.1,2019-02-17 17:27:00,2019,2,February,17,Sunday,17,True,Evening,34.54,4.76,Low,High
566-71-1091,A,Yangon,Normal,Male,Fashion accessories,77.02,5,19.255,404.355,2019-02-03,15:59,Cash,385.1,4.761904762,19.255,5.5,2019-02-03 15:59:00,2019,2,February,3,Sunday,15,True,Afternoon,80.87,4.76,High,Low
442-48-3607,A,Yangon,Member,Male,Food and beverages,23.48,2,2.348,49.308,2019-03-14,11:21,Credit card,46.96,4.761904762,2.348,7.9,2019-03-14 11:21:00,2019,3,March,14,Thursday,11,False,Morning,24.65,4.76,Low,Medium
835-16-0096,C,Naypyitaw,Member,Male,Sports and travel,14.7,5,3.675,77.175,2019-03-24,13:48,Ewallet,73.5,4.761904762,3.675,8.5,2019-03-24 13:48:00,2019,3,March,24,Sunday,13,True,Afternoon,15.43,4.76,Low,High
527-09-6272,A,Yangon,Member,Female,Electronic accessories,28.45,5,7.1125,149.3625,2019-03-21,10:17,Credit card,142.25,4.761904762,7.1125,9.1,2019-03-21 10:17:00,2019,3,March,21,Thursday,10,False,Morning,29.87,4.76,Low,High
898-04-2717,A,Yangon,Normal,Male,Fashion accessories,76.4,9,34.38,721.98,2019-03-19,15:49,Ewallet,687.6,4.761904762,34.38,7.5,2019-03-19 15:49:00,2019,3,March,19,Tuesday,15,False,Afternoon,80.22,4.76,High,Medium
692-27-8933,B,Mandalay,Normal,Female,Sports and travel,57.95,6,17.385,365.085,2019-02-24,13:02,Cash,347.7,4.761904762,17.385,5.2,2019-02-24 13:02:00,2019,2,February,24,Sunday,13,True,Afternoon,60.85,4.76,Medium,Low
633-09-3463,C,Naypyitaw,Normal,Female,Electronic accessories,47.65,3,7.1475,150.0975,2019-03-28,12:58,Credit card,142.95,4.761904762,7.1475,9.5,2019-03-28 12:58:00,2019,3,March,28,Thursday,12,False,Afternoon,50.03,4.76,Low,High
374-17-3652,B,Mandalay,Member,Female,Food and beverages,42.82,9,19.269,404.649,2019-02-05,15:26,Credit card,385.38,4.761904762,19.269,8.9,2019-02-05 15:26:00,2019,2,February,5,Tuesday,15,False,Afternoon,44.96,4.76,High,High
378-07-7001,B,Mandalay,Member,Male,Electronic accessories,48.09,3,7.2135,151.4835,2019-02-10,18:23,Credit card,144.27,4.761904762,7.2135,7.8,2019-02-10 18:23:00,2019,2,February,10,Sunday,18,True,Evening,50.49,4.76,Low,Medium
433-75-6987,B,Mandalay,Member,Female,Health and beauty,55.97,7,19.5895,411.3795,2019-03-05,19:06,Ewallet,391.79,4.761904762,19.5895,8.9,2019-03-05 19:06:00,2019,3,March,5,Tuesday,19,False,Evening,58.77,4.76,High,High
873-95-4984,B,Mandalay,Member,Female,Health and beauty,76.9,7,26.915,565.215,2019-02-15,20:21,Cash,538.3,4.761904762,26.915,7.7,2019-02-15 20:21:00,2019,2,February,15,Friday,20,False,Evening,80.74,4.76,High,Medium
416-13-5917,C,Naypyitaw,Normal,Female,Food and beverages,97.03,5,24.2575,509.4075,2019-01-30,16:24,Ewallet,485.15,4.761904762,24.2575,9.3,2019-01-30 16:24:00,2019,1,January,30,Wednesday,16,False,Afternoon,101.88,4.76,High,High
150-89-8043,A,Yangon,Normal,Male,Sports and travel,44.65,3,6.6975,140.6475,2019-02-14,15:04,Cash,133.95,4.761904762,6.6975,6.2,2019-02-14 15:04:00,2019,2,February,14,Thursday,15,False,Afternoon,46.88,4.76,Low,Medium
135-84-8019,A,Yangon,Normal,Female,Fashion accessories,77.93,9,35.0685,736.4385,2019-02-27,16:10,Ewallet,701.37,4.761904762,35.0685,7.6,2019-02-27 16:10:00,2019,2,February,27,Wednesday,16,False,Afternoon,81.83,4.76,High,Medium
441-94-7118,A,Yangon,Member,Male,Electronic accessories,71.95,1,3.5975,75.5475,2019-02-04,12:14,Cash,71.95,4.761904762,3.5975,7.3,2019-02-04 12:14:00,2019,2,February,4,Monday,12,False,Afternoon,75.55,4.76,Low,Medium
725-96-3778,C,Naypyitaw,Member,Female,Home and lifestyle,89.25,8,35.7,749.7,2019-01-20,10:13,Cash,714.0,4.761904762,35.7,4.7,2019-01-20 10:13:00,2019,1,January,20,Sunday,10,True,Morning,93.71,4.76,High,Low
531-80-1784,A,Yangon,Normal,Male,Electronic accessories,26.02,7,9.107,191.247,2019-03-28,17:38,Cash,182.14,4.761904762,9.107,5.1,2019-03-28 17:38:00,2019,3,March,28,Thursday,17,False,Evening,27.32,4.76,Medium,Low
400-45-1220,B,Mandalay,Normal,Female,Health and beauty,13.5,10,6.75,141.75,2019-02-27,11:06,Credit card,135.0,4.761904762,6.75,4.8,2019-02-27 11:06:00,2019,2,February,27,Wednesday,11,False,Morning,14.18,4.76,Low,Low
860-79-0874,C,Naypyitaw,Member,Female,Fashion accessories,99.3,10,49.65,1042.65,2019-02-15,14:53,Credit card,993.0,4.761904762,49.65,6.6,2019-02-15 14:53:00,2019,2,February,15,Friday,14,False,Afternoon,104.27,4.76,High,Medium
834-61-8124,A,Yangon,Normal,Male,Electronic accessories,51.69,7,18.0915,379.9215,2019-01-26,18:22,Cash,361.83,4.761904762,18.0915,5.5,2019-01-26 18:22:00,2019,1,January,26,Saturday,18,True,Evening,54.27,4.76,Medium,Low
115-99-4379,B,Mandalay,Member,Female,Fashion accessories,54.73,7,19.1555,402.2655,2019-03-14,19:02,Credit card,383.11,4.761904762,19.1555,8.5,2019-03-14 19:02:00,2019,3,March,14,Thursday,19,False,Evening,57.47,4.76,High,High
565-67-6697,B,Mandalay,Member,Male,Home and lifestyle,27.0,9,12.15,255.15,2019-03-02,14:16,Cash,243.0,4.761904762,12.15,4.8,2019-03-02 14:16:00,2019,3,March,2,Saturday,14,True,Afternoon,28.35,4.76,Medium,Low
320-49-6392,C,Naypyitaw,Normal,Female,Electronic accessories,30.24,1,1.512,31.752,2019-03-04,15:44,Cash,30.24,4.761904762,1.512,8.4,2019-03-04 15:44:00,2019,3,March,4,Monday,15,False,Afternoon,31.75,4.76,Low,High
889-04-9723,B,Mandalay,Member,Female,Food and beverages,89.14,4,17.828,374.388,2019-01-07,12:20,Credit card,356.56,4.761904762,17.828,7.8,2019-01-07 12:20:00,2019,1,January,7,Monday,12,False,Afternoon,93.6,4.76,Medium,Medium
632-90-0281,C,Naypyitaw,Normal,Female,Fashion accessories,37.55,10,18.775,394.275,2019-03-08,20:01,Credit card,375.5,4.761904762,18.775,9.3,2019-03-08 20:01:00,2019,3,March,8,Friday,20,False,Evening,39.43,4.76,High,High
554-42-2417,C,Naypyitaw,Normal,Female,Sports and travel,95.44,10,47.72,1002.12,2019-01-09,13:45,Cash,954.4,4.761904762,47.72,5.2,2019-01-09 13:45:00,2019,1,January,9,Wednesday,13,False,Afternoon,100.21,4.76,High,Low
453-63-6187,B,Mandalay,Normal,Male,Electronic accessories,27.5,3,4.125,86.625,2019-03-01,15:40,Ewallet,82.5,4.761904762,4.125,6.5,2019-03-01 15:40:00,2019,3,March,1,Friday,15,False,Afternoon,28.88,4.76,Low,Medium
578-80-7669,B,Mandalay,Normal,Male,Sports and travel,74.97,1,3.7485,78.7185,2019-03-16,16:58,Cash,74.97,4.761904762,3.7485,5.6,2019-03-16 16:58:00,2019,3,March,16,Saturday,16,True,Afternoon,78.72,4.76,Low,Low
612-36-5536,A,Yangon,Member,Male,Food and beverages,80.96,8,32.384,680.064,2019-02-17,11:12,Credit card,647.68,4.761904762,32.384,7.4,2019-02-17 11:12:00,2019,2,February,17,Sunday,11,True,Morning,85.01,4.76,High,Medium
605-72-4132,C,Naypyitaw,Normal,Female,Food and beverages,94.47,8,37.788,793.548,2019-02-27,15:12,Cash,755.76,4.761904762,37.788,9.1,2019-02-27 15:12:00,2019,2,February,27,Wednesday,15,False,Afternoon,99.19,4.76,High,High
471-41-2823,C,Naypyitaw,Normal,Male,Food and beverages,99.79,2,9.979,209.559,2019-03-07,20:37,Ewallet,199.58,4.761904762,9.979,8.0,2019-03-07 20:37:00,2019,3,March,7,Thursday,20,False,Evening,104.78,4.76,Medium,Medium
462-67-9126,A,Yangon,Normal,Male,Home and lifestyle,73.22,6,21.966,461.286,2019-01-21,17:44,Cash,439.32,4.761904762,21.966,7.2,2019-01-21 17:44:00,2019,1,January,21,Monday,17,False,Evening,76.88,4.76,High,Medium
272-27-9238,C,Naypyitaw,Normal,Female,Food and beverages,41.24,4,8.248,173.208,2019-02-19,16:23,Cash,164.96,4.761904762,8.248,7.1,2019-02-19 16:23:00,2019,2,February,19,Tuesday,16,False,Afternoon,43.3,4.76,Medium,Medium
834-25-9262,C,Naypyitaw,Normal,Female,Fashion accessories,81.68,4,16.336,343.056,2019-01-06,12:12,Cash,326.72,4.761904762,16.336,9.1,2019-01-06 12:12:00,2019,1,January,6,Sunday,12,True,Afternoon,85.76,4.76,Medium,High
122-61-9553,C,Naypyitaw,Normal,Female,Electronic accessories,51.32,9,23.094,484.974,2019-03-14,19:33,Cash,461.88,4.761904762,23.094,5.6,2019-03-14 19:33:00,2019,3,March,14,Thursday,19,False,Evening,53.89,4.76,High,Low
468-88-0009,A,Yangon,Member,Male,Home and lifestyle,65.94,4,13.188,276.948,2019-03-24,10:29,Cash,263.76,4.761904762,13.188,6.0,2019-03-24 10:29:00,2019,3,March,24,Sunday,10,True,Morning,69.24,4.76,Medium,Low
613-59-9758,C,Naypyitaw,Normal,Female,Sports and travel,14.36,10,7.18,150.78,2019-01-27,14:28,Cash,143.6,4.761904762,7.18,5.4,2019-01-27 14:28:00,2019,1,January,27,Sunday,14,True,Afternoon,15.08,4.76,Low,Low
254-31-0042,A,Yangon,Member,Male,Electronic accessories,21.5,9,9.675,203.175,2019-03-06,12:46,Credit card,193.5,4.761904762,9.675,7.8,2019-03-06 12:46:00,2019,3,March,6,Wednesday,12,False,Afternoon,22.58,4.76,Medium,Medium
201-86-2184,B,Mandalay,Member,Female,Electronic accessories,26.26,7,9.191,193.011,2019-02-02,19:40,Cash,183.82,4.761904762,9.191,9.9,2019-02-02 19:40:00,2019,2,February,2,Saturday,19,True,Evening,27.57,4.76,Medium,High
261-12-8671,B,Mandalay,Normal,Female,Fashion accessories,60.96,2,6.096,128.016,2019-01-25,19:39,Credit card,121.92,4.761904762,6.096,4.9,2019-01-25 19:39:00,2019,1,January,25,Friday,19,False,Evening,64.01,4.76,Low,Low
730-70-9830,C,Naypyitaw,Normal,Female,Home and lifestyle,70.11,6,21.033,441.693,2019-03-14,17:54,Ewallet,420.66,4.761904762,21.033,5.2,2019-03-14 17:54:00,2019,3,March,14,Thursday,17,False,Evening,73.62,4.76,High,Low
382-25-8917,C,Naypyitaw,Normal,Male,Fashion accessories,42.08,6,12.624,265.104,2019-01-29,12:25,Cash,252.48,4.761904762,12.624,8.9,2019-01-29 12:25:00,2019,1,January,29,Tuesday,12,False,Afternoon,44.18,4.76,Medium,High
422-29-8786,A,Yangon,Normal,Female,Home and lifestyle,67.09,5,16.7725,352.2225,2019-01-03,16:47,Credit card,335.45,4.761904762,16.7725,9.1,2019-01-03 16:47:00,2019,1,January,3,Thursday,16,False,Afternoon,70.44,4.76,Medium,High
667-23-5919,A,Yangon,Member,Female,Fashion accessories,96.7,5,24.175,507.675,2019-01-14,12:52,Ewallet,483.5,4.761904762,24.175,7.0,2019-01-14 12:52:00,2019,1,January,14,Monday,12,False,Afternoon,101.54,4.76,High,Medium
843-01-4703,B,Mandalay,Member,Female,Home and lifestyle,35.38,9,15.921,334.341,2019-01-05,19:50,Credit card,318.42,4.761904762,15.921,9.6,2019-01-05 19:50:00,2019,1,January,5,Saturday,19,True,Evening,37.15,4.76,Medium,High
743-88-1662,C,Naypyitaw,Normal,Male,Sports and travel,95.49,7,33.4215,701.8515,2019-02-22,18:17,Ewallet,668.43,4.761904762,33.4215,8.7,2019-02-22 18:17:00,2019,2,February,22,Friday,18,False,Evening,100.26,4.76,High,High
595-86-2894,C,Naypyitaw,Member,Male,Fashion accessories,96.98,4,19.396,407.316,2019-02-06,17:20,Ewallet,387.92,4.761904762,19.396,9.4,2019-02-06 17:20:00,2019,2,February,6,Wednesday,17,False,Evening,101.83,4.76,High,High
182-69-8360,B,Mandalay,Normal,Female,Electronic accessories,23.65,4,4.73,99.33,2019-01-30,13:32,Credit card,94.6,4.761904762,4.73,4.0,2019-01-30 13:32:00,2019,1,January,30,Wednesday,13,False,Afternoon,24.83,4.76,Low,Low
289-15-7034,A,Yangon,Member,Male,Sports and travel,82.33,4,16.466,345.786,2019-01-11,10:37,Credit card,329.32,4.761904762,16.466,7.5,2019-01-11 10:37:00,2019,1,January,11,Friday,10,False,Morning,86.45,4.76,Medium,Medium
462-78-5240,C,Naypyitaw,Normal,Female,Electronic accessories,26.61,2,2.661,55.881,2019-03-19,14:35,Cash,53.22,4.761904762,2.661,4.2,2019-03-19 14:35:00,2019,3,March,19,Tuesday,14,False,Afternoon,27.94,4.76,Low,Low
868-52-7573,B,Mandalay,Normal,Female,Food and beverages,99.69,5,24.9225,523.3725,2019-01-14,12:09,Cash,498.45,4.761904762,24.9225,9.9,2019-01-14 12:09:00,2019,1,January,14,Monday,12,False,Afternoon,104.67,4.76,High,High
153-58-4872,C,Naypyitaw,Member,Female,Food and beverages,74.89,4,14.978,314.538,2019-03-01,15:32,Ewallet,299.56,4.761904762,14.978,4.2,2019-03-01 15:32:00,2019,3,March,1,Friday,15,False,Afternoon,78.63,4.76,Medium,Low
662-72-2873,A,Yangon,Normal,Female,Food and beverages,40.94,5,10.235,214.935,2019-01-06,13:58,Ewallet,204.7,4.761904762,10.235,9.9,2019-01-06 13:58:00,2019,1,January,6,Sunday,13,True,Afternoon,42.99,4.76,Medium,High
525-88-7307,B,Mandalay,Member,Male,Sports and travel,75.82,1,3.791,79.611,2019-01-31,13:19,Cash,75.82,4.761904762,3.791,5.8,2019-01-31 13:19:00,2019,1,January,31,Thursday,13,False,Afternoon,79.61,4.76,Low,Low
689-16-9784,C,Naypyitaw,Normal,Male,Food and beverages,46.77,6,14.031,294.651,2019-03-11,13:37,Cash,280.62,4.761904762,14.031,6.0,2019-03-11 13:37:00,2019,3,March,11,Monday,13,False,Afternoon,49.11,4.76,Medium,Low
725-56-0833,A,Yangon,Normal,Female,Health and beauty,32.32,10,16.16,339.36,2019-02-20,16:49,Credit card,323.2,4.761904762,16.16,10.0,2019-02-20 16:49:00,2019,2,February,20,Wednesday,16,False,Afternoon,33.94,4.76,Medium,High
394-41-0748,C,Naypyitaw,Member,Female,Fashion accessories,54.07,9,24.3315,510.9615,2019-01-27,14:55,Ewallet,486.63,4.761904762,24.3315,9.5,2019-01-27 14:55:00,2019,1,January,27,Sunday,14,True,Afternoon,56.77,4.76,High,High
596-42-3999,B,Mandalay,Normal,Male,Food and beverages,18.22,7,6.377,133.917,2019-03-10,14:04,Credit card,127.54,4.761904762,6.377,6.6,2019-03-10 14:04:00,2019,3,March,10,Sunday,14,True,Afternoon,19.13,4.76,Low,Medium
541-89-9860,C,Naypyitaw,Member,Female,Fashion accessories,80.48,3,12.072,253.512,2019-02-15,12:31,Cash,241.44,4.761904762,12.072,8.1,2019-02-15 12:31:00,2019,2,February,15,Friday,12,False,Afternoon,84.5,4.76,Medium,High
173-82-9529,B,Mandalay,Normal,Female,Fashion accessories,37.95,10,18.975,398.475,2019-01-26,14:51,Cash,379.5,4.761904762,18.975,9.7,2019-01-26 14:51:00,2019,1,January,26,Saturday,14,True,Afternoon,39.85,4.76,High,High
563-36-9814,A,Yangon,Member,Male,Electronic accessories,76.82,1,3.841,80.661,2019-02-13,18:27,Ewallet,76.82,4.761904762,3.841,7.2,2019-02-13 18:27:00,2019,2,February,13,Wednesday,18,False,Evening,80.66,4.76,Low,Medium
308-47-4913,A,Yangon,Member,Female,Sports and travel,52.26,10,26.13,548.73,2019-03-09,12:45,Credit card,522.6,4.761904762,26.13,6.2,2019-03-09 12:45:00,2019,3,March,9,Saturday,12,True,Afternoon,54.87,4.76,High,Medium
885-17-6250,A,Yangon,Normal,Female,Health and beauty,79.74,1,3.987,83.727,2019-03-06,10:36,Ewallet,79.74,4.761904762,3.987,7.3,2019-03-06 10:36:00,2019,3,March,6,Wednesday,10,False,Morning,83.73,4.76,Low,Medium
726-27-2396,A,Yangon,Normal,Female,Health and beauty,77.5,5,19.375,406.875,2019-01-24,20:36,Ewallet,387.5,4.761904762,19.375,4.3,2019-01-24 20:36:00,2019,1,January,24,Thursday,20,False,Evening,81.38,4.76,High,Low
316-01-3952,A,Yangon,Normal,Female,Food and beverages,54.27,5,13.5675,284.9175,2019-03-13,14:16,Ewallet,271.35,4.761904762,13.5675,4.6,2019-03-13 14:16:00,2019,3,March,13,Wednesday,14,False,Afternoon,56.98,4.76,Medium,Low
760-54-1821,B,Mandalay,Normal,Male,Home and lifestyle,13.59,9,6.1155,128.4255,2019-03-15,10:26,Cash,122.31,4.761904762,6.1155,5.8,2019-03-15 10:26:00,2019,3,March,15,Friday,10,False,Morning,14.27,4.76,Low,Low
793-10-3222,B,Mandalay,Member,Female,Health and beauty,41.06,6,12.318,258.678,2019-03-05,13:30,Credit card,246.36,4.761904762,12.318,8.3,2019-03-05 13:30:00,2019,3,March,5,Tuesday,13,False,Afternoon,43.11,4.76,Medium,High
346-12-3257,B,Mandalay,Member,Male,Electronic accessories,19.24,9,8.658,181.818,2019-03-04,16:28,Cash,173.16,4.761904762,8.658,8.0,2019-03-04 16:28:00,2019,3,March,4,Monday,16,False,Afternoon,20.2,4.76,Medium,Medium
110-05-6330,C,Naypyitaw,Normal,Female,Food and beverages,39.43,6,11.829,248.409,2019-03-25,20:18,Credit card,236.58,4.761904762,11.829,9.4,2019-03-25 20:18:00,2019,3,March,25,Monday,20,False,Evening,41.4,4.76,Medium,High
651-61-0874,C,Naypyitaw,Normal,Male,Home and lifestyle,46.22,4,9.244,194.124,2019-03-12,20:04,Credit card,184.88,4.761904762,9.244,6.2,2019-03-12 20:04:00,2019,3,March,12,Tuesday,20,False,Evening,48.53,4.76,Medium,Medium
236-86-3015,C,Naypyitaw,Member,Male,Home and lifestyle,13.98,1,0.699,14.679,2019-02-04,13:38,Ewallet,13.98,4.761904762,0.699,9.8,2019-02-04 13:38:00,2019,2,February,4,Monday,13,False,Afternoon,14.68,4.76,Low,High
831-64-0259,B,Mandalay,Normal,Female,Fashion accessories,39.75,5,9.9375,208.6875,2019-02-22,10:43,Ewallet,198.75,4.761904762,9.9375,9.6,2019-02-22 10:43:00,2019,2,February,22,Friday,10,False,Morning,41.74,4.76,Medium,High
587-03-7455,C,Naypyitaw,Member,Female,Fashion accessories,97.79,7,34.2265,718.7565,2019-02-16,17:30,Ewallet,684.53,4.761904762,34.2265,4.9,2019-02-16 17:30:00,2019,2,February,16,Saturday,17,True,Evening,102.68,4.76,High,Low
882-40-4577,A,Yangon,Member,Male,Sports and travel,67.26,4,13.452,282.492,2019-01-19,15:28,Credit card,269.04,4.761904762,13.452,8.0,2019-01-19 15:28:00,2019,1,January,19,Saturday,15,True,Afternoon,70.62,4.76,Medium,Medium
732-67-5346,A,Yangon,Normal,Male,Food and beverages,13.79,5,3.4475,72.3975,2019-01-11,19:07,Credit card,68.95,4.761904762,3.4475,7.8,2019-01-11 19:07:00,2019,1,January,11,Friday,19,False,Evening,14.48,4.76,Low,Medium
725-32-9708,B,Mandalay,Member,Female,Fashion accessories,68.71,4,13.742,288.582,2019-01-04,19:01,Cash,274.84,4.761904762,13.742,4.1,2019-01-04 19:01:00,2019,1,January,4,Friday,19,False,Evening,72.15,4.76,Medium,Low
256-08-8343,A,Yangon,Normal,Female,Home and lifestyle,56.53,4,11.306,237.426,2019-03-04,19:48,Ewallet,226.12,4.761904762,11.306,5.5,2019-03-04 19:48:00,2019,3,March,4,Monday,19,False,Evening,59.36,4.76,Medium,Low
372-26-1506,C,Naypyitaw,Normal,Female,Fashion accessories,23.82,5,5.955,125.055,2019-01-28,19:24,Ewallet,119.1,4.761904762,5.955,5.4,2019-01-28 19:24:00,2019,1,January,28,Monday,19,False,Evening,25.01,4.76,Low,Low
244-08-0162,B,Mandalay,Normal,Female,Health and beauty,34.21,10,17.105,359.205,2019-01-02,13:00,Cash,342.1,4.761904762,17.105,5.1,2019-01-02 13:00:00,2019,1,January,2,Wednesday,13,False,Afternoon,35.92,4.76,Medium,Low
569-71-4390,B,Mandalay,Normal,Male,Sports and travel,21.87,2,2.187,45.927,2019-01-25,14:29,Ewallet,43.74,4.761904762,2.187,6.9,2019-01-25 14:29:00,2019,1,January,25,Friday,14,False,Afternoon,22.96,4.76,Low,Medium
132-23-6451,A,Yangon,Member,Male,Health and beauty,20.97,5,5.2425,110.0925,2019-01-04,13:21,Cash,104.85,4.761904762,5.2425,7.8,2019-01-04 13:21:00,2019,1,January,4,Friday,13,False,Afternoon,22.02,4.76,Low,Medium
696-90-2548,A,Yangon,Normal,Male,Sports and travel,25.84,3,3.876,81.396,2019-03-10,18:55,Ewallet,77.52,4.761904762,3.876,6.6,2019-03-10 18:55:00,2019,3,March,10,Sunday,18,True,Evening,27.13,4.76,Low,Medium
472-15-9636,A,Yangon,Normal,Male,Home and lifestyle,50.93,8,20.372,427.812,2019-03-22,19:36,Ewallet,407.44,4.761904762,20.372,9.2,2019-03-22 19:36:00,2019,3,March,22,Friday,19,False,Evening,53.48,4.76,High,High
268-03-6164,B,Mandalay,Normal,Male,Health and beauty,96.11,1,4.8055,100.9155,2019-01-25,16:28,Ewallet,96.11,4.761904762,4.8055,7.8,2019-01-25 16:28:00,2019,1,January,25,Friday,16,False,Afternoon,100.92,4.76,Low,Medium
750-57-9686,C,Naypyitaw,Normal,Female,Home and lifestyle,45.38,4,9.076,190.596,2019-01-08,13:48,Credit card,181.52,4.761904762,9.076,8.7,2019-01-08 13:48:00,2019,1,January,8,Tuesday,13,False,Afternoon,47.65,4.76,Medium,High
186-09-3669,C,Naypyitaw,Member,Female,Health and beauty,81.51,1,4.0755,85.5855,2019-01-22,10:57,Ewallet,81.51,4.761904762,4.0755,9.2,2019-01-22 10:57:00,2019,1,January,22,Tuesday,10,False,Morning,85.59,4.76,Low,High
848-07-1692,B,Mandalay,Normal,Female,Health and beauty,57.22,2,5.722,120.162,2019-01-12,17:13,Ewallet,114.44,4.761904762,5.722,8.3,2019-01-12 17:13:00,2019,1,January,12,Saturday,17,True,Evening,60.08,4.76,Low,High
745-71-3520,A,Yangon,Member,Female,Electronic accessories,25.22,7,8.827,185.367,2019-02-04,10:23,Cash,176.54,4.761904762,8.827,8.2,2019-02-04 10:23:00,2019,2,February,4,Monday,10,False,Morning,26.48,4.76,Medium,High
266-76-6436,C,Naypyitaw,Member,Female,Food and beverages,38.6,3,5.79,121.59,2019-03-28,13:57,Ewallet,115.8,4.761904762,5.79,7.5,2019-03-28 13:57:00,2019,3,March,28,Thursday,13,False,Afternoon,40.53,4.76,Low,Medium
740-22-2500,C,Naypyitaw,Normal,Female,Electronic accessories,84.05,3,12.6075,264.7575,2019-01-23,13:29,Cash,252.15,4.761904762,12.6075,9.8,2019-01-23 13:29:00,2019,1,January,23,Wednesday,13,False,Afternoon,88.25,4.76,Medium,High
271-88-8734,C,Naypyitaw,Member,Female,Fashion accessories,97.21,10,48.605,1020.705,2019-02-08,13:00,Credit card,972.1,4.761904762,48.605,8.7,2019-02-08 13:00:00,2019,2,February,8,Friday,13,False,Afternoon,102.07,4.76,High,High
301-81-8610,B,Mandalay,Member,Male,Fashion accessories,25.42,8,10.168,213.528,2019-03-19,19:42,Credit card,203.36,4.761904762,10.168,6.7,2019-03-19 19:42:00,2019,3,March,19,Tuesday,19,False,Evening,26.69,4.76,Medium,Medium
489-64-4354,C,Naypyitaw,Normal,Male,Fashion accessories,16.28,1,0.814,17.094,2019-03-09,15:36,Cash,16.28,4.761904762,0.814,5.0,2019-03-09 15:36:00,2019,3,March,9,Saturday,15,True,Afternoon,17.09,4.76,Low,Low
198-84-7132,B,Mandalay,Member,Male,Fashion accessories,40.61,9,18.2745,383.7645,2019-01-02,13:40,Cash,365.49,4.761904762,18.2745,7.0,2019-01-02 13:40:00,2019,1,January,2,Wednesday,13,False,Afternoon,42.64,4.76,Medium,Medium
269-10-8440,A,Yangon,Member,Male,Health and beauty,53.17,7,18.6095,390.7995,2019-01-21,18:01,Cash,372.19,4.761904762,18.6095,8.9,2019-01-21 18:01:00,2019,1,January,21,Monday,18,False,Evening,55.83,4.76,Medium,High
650-98-6268,B,Mandalay,Member,Female,Food and beverages,20.87,3,3.1305,65.7405,2019-03-20,13:53,Credit card,62.61,4.761904762,3.1305,8.0,2019-03-20 13:53:00,2019,3,March,20,Wednesday,13,False,Afternoon,21.91,4.76,Low,Medium
741-73-3559,B,Mandalay,Normal,Male,Sports and travel,67.27,5,16.8175,353.1675,2019-02-27,17:27,Cash,336.35,4.761904762,16.8175,6.9,2019-02-27 17:27:00,2019,2,February,27,Wednesday,17,False,Evening,70.63,4.76,Medium,Medium
325-77-6186,A,Yangon,Member,Female,Home and lifestyle,90.65,10,45.325,951.825,2019-03-08,10:53,Ewallet,906.5,4.761904762,45.325,7.3,2019-03-08 10:53:00,2019,3,March,8,Friday,10,False,Morning,95.18,4.76,High,Medium
286-75-7818,B,Mandalay,Normal,Male,Fashion accessories,69.08,2,6.908,145.068,2019-01-31,19:48,Credit card,138.16,4.761904762,6.908,6.9,2019-01-31 19:48:00,2019,1,January,31,Thursday,19,False,Evening,72.53,4.76,Low,Medium
574-57-9721,C,Naypyitaw,Normal,Male,Food and beverages,43.27,2,4.327,90.867,2019-03-08,16:53,Ewallet,86.54,4.761904762,4.327,5.7,2019-03-08 16:53:00,2019,3,March,8,Friday,16,False,Afternoon,45.43,4.76,Low,Low
459-50-7686,A,Yangon,Normal,Female,Electronic accessories,23.46,6,7.038,147.798,2019-01-13,19:14,Ewallet,140.76,4.761904762,7.038,6.4,2019-01-13 19:14:00,2019,1,January,13,Sunday,19,True,Evening,24.63,4.76,Low,Medium
616-87-0016,B,Mandalay,Normal,Male,Fashion accessories,95.54,7,33.439,702.219,2019-03-09,14:36,Credit card,668.78,4.761904762,33.439,9.6,2019-03-09 14:36:00,2019,3,March,9,Saturday,14,True,Afternoon,100.32,4.76,High,High
837-55-7229,B,Mandalay,Normal,Female,Fashion accessories,47.44,1,2.372,49.812,2019-02-22,18:19,Credit card,47.44,4.761904762,2.372,6.8,2019-02-22 18:19:00,2019,2,February,22,Friday,18,False,Evening,49.81,4.76,Low,Medium
751-69-0068,C,Naypyitaw,Normal,Male,Sports and travel,99.24,9,44.658,937.818,2019-03-19,19:09,Ewallet,893.16,4.761904762,44.658,9.0,2019-03-19 19:09:00,2019,3,March,19,Tuesday,19,False,Evening,104.2,4.76,High,High
257-73-1380,C,Naypyitaw,Member,Male,Sports and travel,82.93,4,16.586,348.306,2019-01-20,16:51,Ewallet,331.72,4.761904762,16.586,9.6,2019-01-20 16:51:00,2019,1,January,20,Sunday,16,True,Afternoon,87.08,4.76,Medium,High
345-08-4992,A,Yangon,Normal,Male,Home and lifestyle,33.99,6,10.197,214.137,2019-03-08,15:37,Credit card,203.94,4.761904762,10.197,7.7,2019-03-08 15:37:00,2019,3,March,8,Friday,15,False,Afternoon,35.69,4.76,Medium,Medium
549-96-4200,C,Naypyitaw,Member,Male,Food and beverages,17.04,4,3.408,71.568,2019-03-08,20:15,Ewallet,68.16,4.761904762,3.408,7.0,2019-03-08 20:15:00,2019,3,March,8,Friday,20,False,Evening,17.89,4.76,Low,Medium
810-60-6344,C,Naypyitaw,Normal,Female,Electronic accessories,40.86,8,16.344,343.224,2019-02-07,14:38,Credit card,326.88,4.761904762,16.344,6.5,2019-02-07 14:38:00,2019,2,February,7,Thursday,14,False,Afternoon,42.9,4.76,Medium,Medium
450-28-2866,C,Naypyitaw,Member,Male,Food and beverages,17.44,5,4.36,91.56,2019-01-15,19:25,Cash,87.2,4.761904762,4.36,8.1,2019-01-15 19:25:00,2019,1,January,15,Tuesday,19,False,Evening,18.31,4.76,Low,High
394-30-3170,B,Mandalay,Member,Female,Sports and travel,88.43,8,35.372,742.812,2019-03-22,19:35,Credit card,707.44,4.761904762,35.372,4.3,2019-03-22 19:35:00,2019,3,March,22,Friday,19,False,Evening,92.85,4.76,High,Low
138-17-5109,A,Yangon,Member,Female,Home and lifestyle,89.21,9,40.1445,843.0345,2019-01-15,15:42,Credit card,802.89,4.761904762,40.1445,6.5,2019-01-15 15:42:00,2019,1,January,15,Tuesday,15,False,Afternoon,93.67,4.76,High,Medium
192-98-7397,C,Naypyitaw,Normal,Male,Fashion accessories,12.78,1,0.639,13.419,2019-01-08,14:11,Ewallet,12.78,4.761904762,0.639,9.5,2019-01-08 14:11:00,2019,1,January,8,Tuesday,14,False,Afternoon,13.42,4.76,Low,High
301-11-9629,A,Yangon,Normal,Female,Sports and travel,19.1,7,6.685,140.385,2019-01-15,10:43,Cash,133.7,4.761904762,6.685,9.7,2019-01-15 10:43:00,2019,1,January,15,Tuesday,10,False,Morning,20.06,4.76,Low,High
390-80-5128,B,Mandalay,Member,Female,Health and beauty,19.15,1,0.9575,20.1075,2019-01-28,17:58,Credit card,19.15,4.761904762,0.9575,9.5,2019-01-28 17:58:00,2019,1,January,28,Monday,17,False,Evening,20.11,4.76,Low,High
235-46-8343,C,Naypyitaw,Member,Male,Food and beverages,27.66,10,13.83,290.43,2019-02-14,11:26,Credit card,276.6,4.761904762,13.83,8.9,2019-02-14 11:26:00,2019,2,February,14,Thursday,11,False,Morning,29.04,4.76,Medium,High
453-12-7053,C,Naypyitaw,Normal,Male,Fashion accessories,45.74,3,6.861,144.081,2019-03-10,17:38,Credit card,137.22,4.761904762,6.861,6.5,2019-03-10 17:38:00,2019,3,March,10,Sunday,17,True,Evening,48.03,4.76,Low,Medium
296-11-7041,B,Mandalay,Member,Female,Health and beauty,27.07,1,1.3535,28.4235,2019-01-12,20:07,Credit card,27.07,4.761904762,1.3535,5.3,2019-01-12 20:07:00,2019,1,January,12,Saturday,20,True,Evening,28.42,4.76,Low,Low
449-27-2918,B,Mandalay,Member,Female,Sports and travel,39.12,1,1.956,41.076,2019-03-26,11:02,Credit card,39.12,4.761904762,1.956,9.6,2019-03-26 11:02:00,2019,3,March,26,Tuesday,11,False,Morning,41.08,4.76,Low,High
891-01-7034,B,Mandalay,Normal,Female,Electronic accessories,74.71,6,22.413,470.673,2019-01-01,19:07,Cash,448.26,4.761904762,22.413,6.7,2019-01-01 19:07:00,2019,1,January,1,Tuesday,19,False,Evening,78.45,4.76,High,Medium
744-09-5786,B,Mandalay,Normal,Male,Electronic accessories,22.01,6,6.603,138.663,2019-01-02,18:50,Cash,132.06,4.761904762,6.603,7.6,2019-01-02 18:50:00,2019,1,January,2,Wednesday,18,False,Evening,23.11,4.76,Low,Medium
727-17-0390,A,Yangon,Normal,Female,Food and beverages,63.61,5,15.9025,333.9525,2019-03-16,12:43,Ewallet,318.05,4.761904762,15.9025,4.8,2019-03-16 12:43:00,2019,3,March,16,Saturday,12,True,Afternoon,66.79,4.76,Medium,Low
568-88-3448,A,Yangon,Normal,Male,Health and beauty,25.0,1,1.25,26.25,2019-03-03,15:09,Ewallet,25.0,4.761904762,1.25,5.5,2019-03-03 15:09:00,2019,3,March,3,Sunday,15,True,Afternoon,26.25,4.76,Low,Low
187-83-5490,A,Yangon,Member,Male,Electronic accessories,20.77,4,4.154,87.234,2019-01-31,13:47,Cash,83.08,4.761904762,4.154,4.7,2019-01-31 13:47:00,2019,1,January,31,Thursday,13,False,Afternoon,21.81,4.76,Low,Low
767-54-1907,B,Mandalay,Member,Female,Fashion accessories,29.56,5,7.39,155.19,2019-02-13,16:59,Cash,147.8,4.761904762,7.39,6.9,2019-02-13 16:59:00,2019,2,February,13,Wednesday,16,False,Afternoon,31.04,4.76,Low,Medium
710-46-4433,B,Mandalay,Member,Female,Food and beverages,77.4,9,34.83,731.43,2019-02-15,14:15,Credit card,696.6,4.761904762,34.83,4.5,2019-02-15 14:15:00,2019,2,February,15,Friday,14,False,Afternoon,81.27,4.76,High,Low
533-33-5337,B,Mandalay,Normal,Male,Electronic accessories,79.39,10,39.695,833.595,2019-02-07,20:24,Cash,793.9,4.761904762,39.695,6.2,2019-02-07 20:24:00,2019,2,February,7,Thursday,20,False,Evening,83.36,4.76,High,Medium
325-90-8763,C,Naypyitaw,Member,Female,Electronic accessories,46.57,10,23.285,488.985,2019-01-27,13:58,Cash,465.7,4.761904762,23.285,7.6,2019-01-27 13:58:00,2019,1,January,27,Sunday,13,True,Afternoon,48.9,4.76,High,Medium
729-46-7422,C,Naypyitaw,Normal,Male,Food and beverages,35.89,1,1.7945,37.6845,2019-02-23,16:52,Credit card,35.89,4.761904762,1.7945,7.9,2019-02-23 16:52:00,2019,2,February,23,Saturday,16,True,Afternoon,37.68,4.76,Low,Medium
639-76-1242,C,Naypyitaw,Normal,Male,Food and beverages,40.52,5,10.13,212.73,2019-02-03,15:19,Cash,202.6,4.761904762,10.13,4.5,2019-02-03 15:19:00,2019,2,February,3,Sunday,15,True,Afternoon,42.55,4.76,Medium,Low
234-03-4040,B,Mandalay,Member,Female,Food and beverages,73.05,10,36.525,767.025,2019-03-03,12:25,Credit card,730.5,4.761904762,36.525,8.7,2019-03-03 12:25:00,2019,3,March,3,Sunday,12,True,Afternoon,76.7,4.76,High,High
326-71-2155,C,Naypyitaw,Normal,Female,Sports and travel,73.95,4,14.79,310.59,2019-02-03,10:02,Cash,295.8,4.761904762,14.79,6.1,2019-02-03 10:02:00,2019,2,February,3,Sunday,10,True,Morning,77.65,4.76,Medium,Medium
320-32-8842,C,Naypyitaw,Member,Female,Food and beverages,22.62,1,1.131,23.751,2019-03-17,18:58,Cash,22.62,4.761904762,1.131,6.4,2019-03-17 18:58:00,2019,3,March,17,Sunday,18,True,Evening,23.75,4.76,Low,Medium
470-32-9057,A,Yangon,Member,Male,Food and beverages,51.34,5,12.835,269.535,2019-03-28,15:31,Credit card,256.7,4.761904762,12.835,9.1,2019-03-28 15:31:00,2019,3,March,28,Thursday,15,False,Afternoon,53.91,4.76,Medium,High
878-30-2331,C,Naypyitaw,Member,Female,Sports and travel,54.55,10,27.275,572.775,2019-03-02,11:22,Credit card,545.5,4.761904762,27.275,7.1,2019-03-02 11:22:00,2019,3,March,2,Saturday,11,True,Morning,57.28,4.76,High,Medium
440-59-5691,C,Naypyitaw,Member,Female,Health and beauty,37.15,7,13.0025,273.0525,2019-02-08,13:12,Credit card,260.05,4.761904762,13.0025,7.7,2019-02-08 13:12:00,2019,2,February,8,Friday,13,False,Afternoon,39.01,4.76,Medium,Medium
554-53-3790,B,Mandalay,Normal,Male,Sports and travel,37.02,6,11.106,233.226,2019-03-22,18:33,Cash,222.12,4.761904762,11.106,4.5,2019-03-22 18:33:00,2019,3,March,22,Friday,18,False,Evening,38.87,4.76,Medium,Low
746-19-0921,C,Naypyitaw,Normal,Male,Food and beverages,21.58,1,1.079,22.659,2019-02-09,10:02,Ewallet,21.58,4.761904762,1.079,7.2,2019-02-09 10:02:00,2019,2,February,9,Saturday,10,True,Morning,22.66,4.76,Low,Medium
233-34-0817,C,Naypyitaw,Member,Female,Electronic accessories,98.84,1,4.942,103.782,2019-02-15,11:21,Cash,98.84,4.761904762,4.942,8.4,2019-02-15 11:21:00,2019,2,February,15,Friday,11,False,Morning,103.78,4.76,Low,High
767-05-1286,C,Naypyitaw,Member,Female,Home and lifestyle,83.77,6,25.131,527.751,2019-01-23,12:10,Ewallet,502.62,4.761904762,25.131,5.4,2019-01-23 12:10:00,2019,1,January,23,Wednesday,12,False,Afternoon,87.96,4.76,High,Low
340-21-9136,A,Yangon,Member,Female,Sports and travel,40.05,4,8.01,168.21,2019-01-25,11:40,Cash,160.2,4.761904762,8.01,9.7,2019-01-25 11:40:00,2019,1,January,25,Friday,11,False,Morning,42.05,4.76,Medium,High
405-31-3305,A,Yangon,Member,Male,Fashion accessories,43.13,10,21.565,452.865,2019-02-02,18:31,Credit card,431.3,4.761904762,21.565,5.5,2019-02-02 18:31:00,2019,2,February,2,Saturday,18,True,Evening,45.29,4.76,High,Low
731-59-7531,B,Mandalay,Member,Male,Health and beauty,72.57,8,29.028,609.588,2019-03-30,17:58,Cash,580.56,4.761904762,29.028,4.6,2019-03-30 17:58:00,2019,3,March,30,Saturday,17,True,Evening,76.2,4.76,High,Low
676-39-6028,A,Yangon,Member,Female,Electronic accessories,64.44,5,16.11,338.31,2019-03-30,17:04,Cash,322.2,4.761904762,16.11,6.6,2019-03-30 17:04:00,2019,3,March,30,Saturday,17,True,Evening,67.66,4.76,Medium,Medium
502-05-1910,A,Yangon,Normal,Male,Health and beauty,65.18,3,9.777,205.317,2019-02-25,20:35,Credit card,195.54,4.761904762,9.777,6.3,2019-02-25 20:35:00,2019,2,February,25,Monday,20,False,Evening,68.44,4.76,Medium,Medium
485-30-8700,A,Yangon,Normal,Female,Sports and travel,33.26,5,8.315,174.615,2019-03-18,16:10,Credit card,166.3,4.761904762,8.315,4.2,2019-03-18 16:10:00,2019,3,March,18,Monday,16,False,Afternoon,34.92,4.76,Medium,Low
598-47-9715,C,Naypyitaw,Normal,Male,Electronic accessories,84.07,4,16.814,353.094,2019-03-07,16:54,Ewallet,336.28,4.761904762,16.814,4.4,2019-03-07 16:54:00,2019,3,March,7,Thursday,16,False,Afternoon,88.27,4.76,Medium,Low
701-69-8742,B,Mandalay,Normal,Male,Sports and travel,34.37,10,17.185,360.885,2019-03-16,10:11,Ewallet,343.7,4.761904762,17.185,6.7,2019-03-16 10:11:00,2019,3,March,16,Saturday,10,True,Morning,36.09,4.76,Medium,Medium
575-67-1508,A,Yangon,Normal,Male,Electronic accessories,38.6,1,1.93,40.53,2019-01-29,11:26,Ewallet,38.6,4.761904762,1.93,6.7,2019-01-29 11:26:00,2019,1,January,29,Tuesday,11,False,Morning,40.53,4.76,Low,Medium
541-08-3113,C,Naypyitaw,Normal,Male,Food and beverages,65.97,8,26.388,554.148,2019-02-02,20:29,Cash,527.76,4.761904762,26.388,8.4,2019-02-02 20:29:00,2019,2,February,2,Saturday,20,True,Evening,69.27,4.76,High,High
246-11-3901,C,Naypyitaw,Normal,Female,Electronic accessories,32.8,10,16.4,344.4,2019-02-15,12:12,Cash,328.0,4.761904762,16.4,6.2,2019-02-15 12:12:00,2019,2,February,15,Friday,12,False,Afternoon,34.44,4.76,Medium,Medium
674-15-9296,A,Yangon,Normal,Male,Sports and travel,37.14,5,9.285,194.985,2019-01-08,13:05,Ewallet,185.7,4.761904762,9.285,5.0,2019-01-08 13:05:00,2019,1,January,8,Tuesday,13,False,Afternoon,39.0,4.76,Medium,Low
305-18-3552,B,Mandalay,Member,Male,Home and lifestyle,60.38,10,30.19,633.99,2019-02-12,16:19,Cash,603.8,4.761904762,30.19,6.0,2019-02-12 16:19:00,2019,2,February,12,Tuesday,16,False,Afternoon,63.4,4.76,High,Low
493-65-6248,C,Naypyitaw,Member,Female,Sports and travel,36.98,10,18.49,388.29,2019-01-01,19:48,Credit card,369.8,4.761904762,18.49,7.0,2019-01-01 19:48:00,2019,1,January,1,Tuesday,19,False,Evening,38.83,4.76,Medium,Medium
438-01-4015,B,Mandalay,Member,Female,Sports and travel,49.49,4,9.898,207.858,2019-03-21,15:25,Ewallet,197.96,4.761904762,9.898,6.6,2019-03-21 15:25:00,2019,3,March,21,Thursday,15,False,Afternoon,51.96,4.76,Medium,Medium
709-58-4068,B,Mandalay,Normal,Female,Fashion accessories,41.09,10,20.545,431.445,2019-02-28,14:42,Cash,410.9,4.761904762,20.545,7.3,2019-02-28 14:42:00,2019,2,February,28,Thursday,14,False,Afternoon,43.14,4.76,High,Medium
795-49-7276,A,Yangon,Normal,Male,Fashion accessories,37.15,4,7.43,156.03,2019-03-23,18:59,Ewallet,148.6,4.761904762,7.43,8.3,2019-03-23 18:59:00,2019,3,March,23,Saturday,18,True,Evening,39.01,4.76,Low,High
556-72-8512,C,Naypyitaw,Normal,Male,Home and lifestyle,22.96,1,1.148,24.108,2019-01-30,20:47,Cash,22.96,4.761904762,1.148,4.3,2019-01-30 20:47:00,2019,1,January,30,Wednesday,20,False,Evening,24.11,4.76,Low,Low
627-95-3243,B,Mandalay,Member,Female,Home and lifestyle,77.68,9,34.956,734.076,2019-02-04,13:21,Ewallet,699.12,4.761904762,34.956,9.8,2019-02-04 13:21:00,2019,2,February,4,Monday,13,False,Afternoon,81.56,4.76,High,High
686-41-0932,B,Mandalay,Normal,Female,Fashion accessories,34.7,2,3.47,72.87,2019-03-13,19:48,Ewallet,69.4,4.761904762,3.47,8.2,2019-03-13 19:48:00,2019,3,March,13,Wednesday,19,False,Evening,36.44,4.76,Low,High
510-09-5628,A,Yangon,Member,Female,Fashion accessories,19.66,10,9.83,206.43,2019-03-15,18:20,Credit card,196.6,4.761904762,9.83,7.2,2019-03-15 18:20:00,2019,3,March,15,Friday,18,False,Evening,20.64,4.76,Medium,Medium
608-04-3797,B,Mandalay,Member,Female,Health and beauty,25.32,8,10.128,212.688,2019-03-05,20:24,Ewallet,202.56,4.761904762,10.128,8.7,2019-03-05 20:24:00,2019,3,March,5,Tuesday,20,False,Evening,26.59,4.76,Medium,High
148-82-2527,C,Naypyitaw,Member,Female,Home and lifestyle,12.12,10,6.06,127.26,2019-03-05,13:44,Credit card,121.2,4.761904762,6.06,8.4,2019-03-05 13:44:00,2019,3,March,5,Tuesday,13,False,Afternoon,12.73,4.76,Low,High
437-53-3084,B,Mandalay,Normal,Male,Fashion accessories,99.89,2,9.989,209.769,2019-02-26,11:48,Ewallet,199.78,4.761904762,9.989,7.1,2019-02-26 11:48:00,2019,2,February,26,Tuesday,11,False,Morning,104.88,4.76,Medium,Medium
632-32-4574,B,Mandalay,Normal,Male,Sports and travel,75.92,8,30.368,637.728,2019-03-20,14:14,Cash,607.36,4.761904762,30.368,5.5,2019-03-20 14:14:00,2019,3,March,20,Wednesday,14,False,Afternoon,79.72,4.76,High,Low
556-97-7101,C,Naypyitaw,Normal,Female,Electronic accessories,63.22,2,6.322,132.762,2019-01-01,15:51,Cash,126.44,4.761904762,6.322,8.5,2019-01-01 15:51:00,2019,1,January,1,Tuesday,15,False,Afternoon,66.38,4.76,Low,High
862-59-8517,C,Naypyitaw,Normal,Female,Food and beverages,90.24,6,27.072,568.512,2019-01-27,11:17,Cash,541.44,4.761904762,27.072,6.2,2019-01-27 11:17:00,2019,1,January,27,Sunday,11,True,Morning,94.75,4.76,High,Medium
401-18-8016,B,Mandalay,Member,Female,Sports and travel,98.13,1,4.9065,103.0365,2019-01-21,17:36,Cash,98.13,4.761904762,4.9065,8.9,2019-01-21 17:36:00,2019,1,January,21,Monday,17,False,Evening,103.04,4.76,Low,High
420-18-8989,A,Yangon,Member,Female,Sports and travel,51.52,8,20.608,432.768,2019-02-02,15:47,Cash,412.16,4.761904762,20.608,9.6,2019-02-02 15:47:00,2019,2,February,2,Saturday,15,True,Afternoon,54.1,4.76,High,High
277-63-2961,B,Mandalay,Member,Male,Sports and travel,73.97,1,3.6985,77.6685,2019-02-03,15:53,Credit card,73.97,4.761904762,3.6985,5.4,2019-02-03 15:53:00,2019,2,February,3,Sunday,15,True,Afternoon,77.67,4.76,Low,Low
573-98-8548,C,Naypyitaw,Member,Female,Fashion accessories,31.9,1,1.595,33.495,2019-01-05,12:40,Ewallet,31.9,4.761904762,1.595,9.1,2019-01-05 12:40:00,2019,1,January,5,Saturday,12,True,Afternoon,33.49,4.76,Low,High
620-02-2046,C,Naypyitaw,Normal,Male,Home and lifestyle,69.4,2,6.94,145.74,2019-01-27,19:48,Ewallet,138.8,4.761904762,6.94,9.0,2019-01-27 19:48:00,2019,1,January,27,Sunday,19,True,Evening,72.87,4.76,Low,High
282-35-2475,B,Mandalay,Normal,Female,Sports and travel,93.31,2,9.331,195.951,2019-03-25,17:53,Cash,186.62,4.761904762,9.331,6.3,2019-03-25 17:53:00,2019,3,March,25,Monday,17,False,Evening,97.98,4.76,Medium,Medium
511-54-3087,B,Mandalay,Normal,Male,Sports and travel,88.45,1,4.4225,92.8725,2019-02-25,16:36,Credit card,88.45,4.761904762,4.4225,9.5,2019-02-25 16:36:00,2019,2,February,25,Monday,16,False,Afternoon,92.87,4.76,Low,High
726-29-6793,A,Yangon,Member,Male,Electronic accessories,24.18,8,9.672,203.112,2019-01-28,20:54,Ewallet,193.44,4.761904762,9.672,9.8,2019-01-28 20:54:00,2019,1,January,28,Monday,20,False,Evening,25.39,4.76,Medium,High
387-49-4215,B,Mandalay,Member,Female,Sports and travel,48.5,3,7.275,152.775,2019-01-08,12:50,Cash,145.5,4.761904762,7.275,6.7,2019-01-08 12:50:00,2019,1,January,8,Tuesday,12,False,Afternoon,50.92,4.76,Low,Medium
862-17-9201,B,Mandalay,Normal,Female,Food and beverages,84.05,6,25.215,529.515,2019-01-29,10:48,Credit card,504.3,4.761904762,25.215,7.7,2019-01-29 10:48:00,2019,1,January,29,Tuesday,10,False,Morning,88.25,4.76,High,Medium
291-21-5991,B,Mandalay,Member,Male,Health and beauty,61.29,5,15.3225,321.7725,2019-03-29,14:28,Cash,306.45,4.761904762,15.3225,7.0,2019-03-29 14:28:00,2019,3,March,29,Friday,14,False,Afternoon,64.35,4.76,Medium,Medium
602-80-9671,C,Naypyitaw,Member,Female,Home and lifestyle,15.95,6,4.785,100.485,2019-02-09,17:15,Credit card,95.7,4.761904762,4.785,5.1,2019-02-09 17:15:00,2019,2,February,9,Saturday,17,True,Evening,16.75,4.76,Low,Low
347-72-6115,B,Mandalay,Member,Female,Sports and travel,90.74,7,31.759,666.939,2019-01-16,18:03,Credit card,635.18,4.761904762,31.759,6.2,2019-01-16 18:03:00,2019,1,January,16,Wednesday,18,False,Evening,95.28,4.76,High,Medium
209-61-0206,A,Yangon,Normal,Female,Home and lifestyle,42.91,5,10.7275,225.2775,2019-01-05,17:29,Ewallet,214.55,4.761904762,10.7275,6.1,2019-01-05 17:29:00,2019,1,January,5,Saturday,17,True,Evening,45.06,4.76,Medium,Medium
595-27-4851,A,Yangon,Normal,Female,Fashion accessories,54.28,7,18.998,398.958,2019-01-27,18:05,Ewallet,379.96,4.761904762,18.998,9.3,2019-01-27 18:05:00,2019,1,January,27,Sunday,18,True,Evening,56.99,4.76,High,High
189-52-0236,A,Yangon,Normal,Male,Electronic accessories,99.55,7,34.8425,731.6925,2019-03-14,12:07,Cash,696.85,4.761904762,34.8425,7.6,2019-03-14 12:07:00,2019,3,March,14,Thursday,12,False,Afternoon,104.53,4.76,High,Medium
503-07-0930,C,Naypyitaw,Member,Male,Sports and travel,58.39,7,20.4365,429.1665,2019-02-23,19:49,Credit card,408.73,4.761904762,20.4365,8.2,2019-02-23 19:49:00,2019,2,February,23,Saturday,19,True,Evening,61.31,4.76,High,High
413-20-6708,C,Naypyitaw,Member,Female,Fashion accessories,51.47,1,2.5735,54.0435,2019-03-18,15:52,Ewallet,51.47,4.761904762,2.5735,8.5,2019-03-18 15:52:00,2019,3,March,18,Monday,15,False,Afternoon,54.04,4.76,Low,High
425-85-2085,B,Mandalay,Member,Male,Health and beauty,54.86,5,13.715,288.015,2019-03-29,16:48,Ewallet,274.3,4.761904762,13.715,9.8,2019-03-29 16:48:00,2019,3,March,29,Friday,16,False,Afternoon,57.6,4.76,Medium,High
521-18-7827,C,Naypyitaw,Member,Male,Home and lifestyle,39.39,5,9.8475,206.7975,2019-01-22,20:46,Credit card,196.95,4.761904762,9.8475,8.7,2019-01-22 20:46:00,2019,1,January,22,Tuesday,20,False,Evening,41.36,4.76,Medium,High
220-28-1851,A,Yangon,Normal,Male,Home and lifestyle,34.73,2,3.473,72.933,2019-03-01,18:14,Ewallet,69.46,4.761904762,3.473,9.7,2019-03-01 18:14:00,2019,3,March,1,Friday,18,False,Evening,36.47,4.76,Low,High
600-38-9738,C,Naypyitaw,Member,Male,Sports and travel,71.92,5,17.98,377.58,2019-01-17,15:05,Credit card,359.6,4.761904762,17.98,4.3,2019-01-17 15:05:00,2019,1,January,17,Thursday,15,False,Afternoon,75.52,4.76,Medium,Low
734-91-1155,B,Mandalay,Normal,Female,Electronic accessories,45.71,3,6.8565,143.9865,2019-03-26,10:34,Credit card,137.13,4.761904762,6.8565,7.7,2019-03-26 10:34:00,2019,3,March,26,Tuesday,10,False,Morning,48.0,4.76,Low,Medium
451-28-5717,C,Naypyitaw,Member,Female,Home and lifestyle,83.17,6,24.951,523.971,2019-03-20,11:23,Cash,499.02,4.761904762,24.951,7.3,2019-03-20 11:23:00,2019,3,March,20,Wednesday,11,False,Morning,87.33,4.76,High,Medium
609-81-8548,A,Yangon,Member,Female,Home and lifestyle,37.44,6,11.232,235.872,2019-02-06,13:55,Credit card,224.64,4.761904762,11.232,5.9,2019-02-06 13:55:00,2019,2,February,6,Wednesday,13,False,Afternoon,39.31,4.76,Medium,Low
133-14-7229,C,Naypyitaw,Normal,Male,Health and beauty,62.87,2,6.287,132.027,2019-01-01,11:43,Cash,125.74,4.761904762,6.287,5.0,2019-01-01 11:43:00,2019,1,January,1,Tuesday,11,False,Morning,66.01,4.76,Low,Low
534-01-4457,A,Yangon,Normal,Male,Food and beverages,81.71,6,24.513,514.773,2019-01-27,14:36,Credit card,490.26,4.761904762,24.513,8.0,2019-01-27 14:36:00,2019,1,January,27,Sunday,14,True,Afternoon,85.8,4.76,High,Medium
719-89-8991,A,Yangon,Member,Female,Sports and travel,91.41,5,22.8525,479.9025,2019-02-25,16:03,Ewallet,457.05,4.761904762,22.8525,7.1,2019-02-25 16:03:00,2019,2,February,25,Monday,16,False,Afternoon,95.98,4.76,High,Medium
286-62-6248,B,Mandalay,Normal,Male,Fashion accessories,39.21,4,7.842,164.682,2019-01-16,20:03,Credit card,156.84,4.761904762,7.842,9.0,2019-01-16 20:03:00,2019,1,January,16,Wednesday,20,False,Evening,41.17,4.76,Low,High
339-38-9982,B,Mandalay,Member,Male,Fashion accessories,59.86,2,5.986,125.706,2019-01-13,14:55,Ewallet,119.72,4.761904762,5.986,6.7,2019-01-13 14:55:00,2019,1,January,13,Sunday,14,True,Afternoon,62.85,4.76,Low,Medium
827-44-5872,B,Mandalay,Member,Female,Food and beverages,54.36,10,27.18,570.78,2019-02-07,11:28,Credit card,543.6,4.761904762,27.18,6.1,2019-02-07 11:28:00,2019,2,February,7,Thursday,11,False,Morning,57.08,4.76,High,Medium
827-77-7633,A,Yangon,Normal,Male,Sports and travel,98.09,9,44.1405,926.9505,2019-02-17,19:41,Cash,882.81,4.761904762,44.1405,9.3,2019-02-17 19:41:00,2019,2,February,17,Sunday,19,True,Evening,102.99,4.76,High,High
287-83-1405,A,Yangon,Normal,Male,Health and beauty,25.43,6,7.629,160.209,2019-02-12,19:01,Ewallet,152.58,4.761904762,7.629,7.0,2019-02-12 19:01:00,2019,2,February,12,Tuesday,19,False,Evening,26.7,4.76,Low,Medium
435-13-4908,A,Yangon,Member,Male,Fashion accessories,86.68,8,34.672,728.112,2019-01-24,18:04,Credit card,693.44,4.761904762,34.672,7.2,2019-01-24 18:04:00,2019,1,January,24,Thursday,18,False,Evening,91.01,4.76,High,Medium
857-67-9057,B,Mandalay,Normal,Male,Electronic accessories,22.95,10,11.475,240.975,2019-02-06,19:20,Ewallet,229.5,4.761904762,11.475,8.2,2019-02-06 19:20:00,2019,2,February,6,Wednesday,19,False,Evening,24.1,4.76,Medium,High
236-27-1144,C,Naypyitaw,Normal,Female,Food and beverages,16.31,9,7.3395,154.1295,2019-03-26,10:31,Ewallet,146.79,4.761904762,7.3395,8.4,2019-03-26 10:31:00,2019,3,March,26,Tuesday,10,False,Morning,17.13,4.76,Low,High
892-05-6689,A,Yangon,Normal,Female,Home and lifestyle,28.32,5,7.08,148.68,2019-03-11,13:28,Ewallet,141.6,4.761904762,7.08,6.2,2019-03-11 13:28:00,2019,3,March,11,Monday,13,False,Afternoon,29.74,4.76,Low,Medium
583-41-4548,C,Naypyitaw,Normal,Male,Home and lifestyle,16.67,7,5.8345,122.5245,2019-02-07,11:36,Ewallet,116.69,4.761904762,5.8345,7.4,2019-02-07 11:36:00,2019,2,February,7,Thursday,11,False,Morning,17.5,4.76,Low,Medium
339-12-4827,B,Mandalay,Member,Female,Fashion accessories,73.96,1,3.698,77.658,2019-01-05,11:32,Credit card,73.96,4.761904762,3.698,5.0,2019-01-05 11:32:00,2019,1,January,5,Saturday,11,True,Morning,77.66,4.76,Low,Low
643-38-7867,A,Yangon,Normal,Male,Home and lifestyle,97.94,1,4.897,102.837,2019-03-07,11:44,Ewallet,97.94,4.761904762,4.897,6.9,2019-03-07 11:44:00,2019,3,March,7,Thursday,11,False,Morning,102.84,4.76,Low,Medium
308-81-0538,A,Yangon,Normal,Female,Fashion accessories,73.05,4,14.61,306.81,2019-02-25,17:16,Credit card,292.2,4.761904762,14.61,4.9,2019-02-25 17:16:00,2019,2,February,25,Monday,17,False,Evening,76.7,4.76,Medium,Low
358-88-9262,C,Naypyitaw,Member,Female,Food and beverages,87.48,6,26.244,551.124,2019-02-01,18:43,Ewallet,524.88,4.761904762,26.244,5.1,2019-02-01 18:43:00,2019,2,February,1,Friday,18,False,Evening,91.85,4.76,High,Low
460-35-4390,A,Yangon,Normal,Male,Home and lifestyle,30.68,3,4.602,96.642,2019-01-22,11:00,Ewallet,92.04,4.761904762,4.602,9.1,2019-01-22 11:00:00,2019,1,January,22,Tuesday,11,False,Morning,32.21,4.76,Low,High
343-87-0864,C,Naypyitaw,Member,Male,Health and beauty,75.88,1,3.794,79.674,2019-01-03,10:30,Credit card,75.88,4.761904762,3.794,7.1,2019-01-03 10:30:00,2019,1,January,3,Thursday,10,False,Morning,79.67,4.76,Low,Medium
173-50-1108,B,Mandalay,Member,Female,Sports and travel,20.18,4,4.036,84.756,2019-02-13,12:14,Credit card,80.72,4.761904762,4.036,5.0,2019-02-13 12:14:00,2019,2,February,13,Wednesday,12,False,Afternoon,21.19,4.76,Low,Low
243-47-2663,C,Naypyitaw,Member,Male,Electronic accessories,18.77,6,5.631,118.251,2019-01-28,16:43,Credit card,112.62,4.761904762,5.631,5.5,2019-01-28 16:43:00,2019,1,January,28,Monday,16,False,Afternoon,19.71,4.76,Low,Low
841-18-8232,B,Mandalay,Normal,Female,Food and beverages,71.2,1,3.56,74.76,2019-01-05,20:40,Credit card,71.2,4.761904762,3.56,9.2,2019-01-05 20:40:00,2019,1,January,5,Saturday,20,True,Evening,74.76,4.76,Low,High
701-23-5550,B,Mandalay,Member,Male,Home and lifestyle,38.81,4,7.762,163.002,2019-03-19,13:40,Ewallet,155.24,4.761904762,7.762,4.9,2019-03-19 13:40:00,2019,3,March,19,Tuesday,13,False,Afternoon,40.75,4.76,Low,Low
647-50-1224,A,Yangon,Normal,Female,Fashion accessories,29.42,10,14.71,308.91,2019-01-12,16:23,Ewallet,294.2,4.761904762,14.71,8.9,2019-01-12 16:23:00,2019,1,January,12,Saturday,16,True,Afternoon,30.89,4.76,Medium,High
541-48-8554,A,Yangon,Normal,Male,Sports and travel,60.95,9,27.4275,575.9775,2019-01-07,12:08,Credit card,548.55,4.761904762,27.4275,6.0,2019-01-07 12:08:00,2019,1,January,7,Monday,12,False,Afternoon,64.0,4.76,High,Low
539-21-7227,B,Mandalay,Normal,Female,Sports and travel,51.54,5,12.885,270.585,2019-01-26,17:45,Cash,257.7,4.761904762,12.885,4.2,2019-01-26 17:45:00,2019,1,January,26,Saturday,17,True,Evening,54.12,4.76,Medium,Low
213-32-1216,A,Yangon,Normal,Female,Electronic accessories,66.06,6,19.818,416.178,2019-01-23,10:28,Cash,396.36,4.761904762,19.818,7.3,2019-01-23 10:28:00,2019,1,January,23,Wednesday,10,False,Morning,69.36,4.76,High,Medium
747-58-7183,B,Mandalay,Normal,Male,Fashion accessories,57.27,3,8.5905,180.4005,2019-02-09,20:31,Ewallet,171.81,4.761904762,8.5905,6.5,2019-02-09 20:31:00,2019,2,February,9,Saturday,20,True,Evening,60.13,4.76,Medium,Medium
582-52-8065,B,Mandalay,Normal,Female,Fashion accessories,54.31,9,24.4395,513.2295,2019-02-22,10:49,Cash,488.79,4.761904762,24.4395,8.9,2019-02-22 10:49:00,2019,2,February,22,Friday,10,False,Morning,57.03,4.76,High,High
210-57-1719,B,Mandalay,Normal,Female,Health and beauty,58.24,9,26.208,550.368,2019-02-05,12:34,Cash,524.16,4.761904762,26.208,9.7,2019-02-05 12:34:00,2019,2,February,5,Tuesday,12,False,Afternoon,61.15,4.76,High,High
399-69-4630,C,Naypyitaw,Normal,Male,Electronic accessories,22.21,6,6.663,139.923,2019-03-07,10:23,Credit card,133.26,4.761904762,6.663,8.6,2019-03-07 10:23:00,2019,3,March,7,Thursday,10,False,Morning,23.32,4.76,Low,High
134-75-2619,A,Yangon,Member,Male,Electronic accessories,19.32,7,6.762,142.002,2019-03-25,18:51,Cash,135.24,4.761904762,6.762,6.9,2019-03-25 18:51:00,2019,3,March,25,Monday,18,False,Evening,20.29,4.76,Low,Medium
356-44-8813,B,Mandalay,Normal,Male,Home and lifestyle,37.48,3,5.622,118.062,2019-01-20,13:45,Credit card,112.44,4.761904762,5.622,7.7,2019-01-20 13:45:00,2019,1,January,20,Sunday,13,True,Afternoon,39.35,4.76,Low,Medium
198-66-9832,B,Mandalay,Member,Female,Fashion accessories,72.04,2,7.204,151.284,2019-02-04,19:38,Cash,144.08,4.761904762,7.204,9.5,2019-02-04 19:38:00,2019,2,February,4,Monday,19,False,Evening,75.64,4.76,Low,High
283-26-5248,C,Naypyitaw,Member,Female,Food and beverages,98.52,10,49.26,1034.46,2019-01-30,20:23,Ewallet,985.2,4.761904762,49.26,4.5,2019-01-30 20:23:00,2019,1,January,30,Wednesday,20,False,Evening,103.45,4.76,High,Low
712-39-0363,A,Yangon,Member,Male,Food and beverages,41.66,6,12.498,262.458,2019-01-02,15:24,Ewallet,249.96,4.761904762,12.498,5.6,2019-01-02 15:24:00,2019,1,January,2,Wednesday,15,False,Afternoon,43.74,4.76,Medium,Low
218-59-9410,A,Yangon,Member,Female,Home and lifestyle,72.42,3,10.863,228.123,2019-03-29,16:54,Ewallet,217.26,4.761904762,10.863,8.2,2019-03-29 16:54:00,2019,3,March,29,Friday,16,False,Afternoon,76.04,4.76,Medium,High
174-75-0888,B,Mandalay,Normal,Male,Electronic accessories,21.58,9,9.711,203.931,2019-03-14,12:32,Cash,194.22,4.761904762,9.711,7.3,2019-03-14 12:32:00,2019,3,March,14,Thursday,12,False,Afternoon,22.66,4.76,Medium,Medium
866-99-7614,C,Naypyitaw,Normal,Male,Food and beverages,89.2,10,44.6,936.6,2019-02-11,15:42,Credit card,892.0,4.761904762,44.6,4.4,2019-02-11 15:42:00,2019,2,February,11,Monday,15,False,Afternoon,93.66,4.76,High,Low
134-54-4720,B,Mandalay,Normal,Female,Electronic accessories,42.42,8,16.968,356.328,2019-01-30,13:58,Ewallet,339.36,4.761904762,16.968,5.7,2019-01-30 13:58:00,2019,1,January,30,Wednesday,13,False,Afternoon,44.54,4.76,Medium,Low
760-90-2357,A,Yangon,Member,Male,Electronic accessories,74.51,6,22.353,469.413,2019-03-20,15:08,Ewallet,447.06,4.761904762,22.353,5.0,2019-03-20 15:08:00,2019,3,March,20,Wednesday,15,False,Afternoon,78.24,4.76,High,Low
514-37-2845,B,Mandalay,Normal,Male,Fashion accessories,99.25,2,9.925,208.425,2019-03-20,13:02,Cash,198.5,4.761904762,9.925,9.0,2019-03-20 13:02:00,2019,3,March,20,Wednesday,13,False,Afternoon,104.21,4.76,Medium,High
698-98-5964,A,Yangon,Normal,Female,Food and beverages,81.21,10,40.605,852.705,2019-01-17,13:01,Credit card,812.1,4.761904762,40.605,6.3,2019-01-17 13:01:00,2019,1,January,17,Thursday,13,False,Afternoon,85.27,4.76,High,Medium
718-57-9773,C,Naypyitaw,Normal,Female,Sports and travel,49.33,10,24.665,517.965,2019-02-03,16:40,Credit card,493.3,4.761904762,24.665,9.4,2019-02-03 16:40:00,2019,2,February,3,Sunday,16,True,Afternoon,51.8,4.76,High,High
651-88-7328,A,Yangon,Normal,Female,Fashion accessories,65.74,9,29.583,621.243,2019-01-01,13:55,Cash,591.66,4.761904762,29.583,7.7,2019-01-01 13:55:00,2019,1,January,1,Tuesday,13,False,Afternoon,69.03,4.76,High,Medium
241-11-2261,B,Mandalay,Normal,Female,Fashion accessories,79.86,7,27.951,586.971,2019-01-10,10:33,Credit card,559.02,4.761904762,27.951,5.5,2019-01-10 10:33:00,2019,1,January,10,Thursday,10,False,Morning,83.85,4.76,High,Low
408-26-9866,C,Naypyitaw,Normal,Female,Sports and travel,73.98,7,25.893,543.753,2019-03-02,16:42,Ewallet,517.86,4.761904762,25.893,4.1,2019-03-02 16:42:00,2019,3,March,2,Saturday,16,True,Afternoon,77.68,4.76,High,Low
834-83-1826,B,Mandalay,Member,Female,Home and lifestyle,82.04,5,20.51,430.71,2019-02-25,17:16,Credit card,410.2,4.761904762,20.51,7.6,2019-02-25 17:16:00,2019,2,February,25,Monday,17,False,Evening,86.14,4.76,High,Medium
343-61-3544,B,Mandalay,Member,Male,Sports and travel,26.67,10,13.335,280.035,2019-01-29,11:48,Cash,266.7,4.761904762,13.335,8.6,2019-01-29 11:48:00,2019,1,January,29,Tuesday,11,False,Morning,28.0,4.76,Medium,High
239-48-4278,A,Yangon,Member,Male,Food and beverages,10.13,7,3.5455,74.4555,2019-03-10,19:35,Ewallet,70.91,4.761904762,3.5455,8.3,2019-03-10 19:35:00,2019,3,March,10,Sunday,19,True,Evening,10.64,4.76,Low,High
355-34-6244,B,Mandalay,Normal,Male,Food and beverages,72.39,2,7.239,152.019,2019-01-13,19:55,Credit card,144.78,4.761904762,7.239,8.1,2019-01-13 19:55:00,2019,1,January,13,Sunday,19,True,Evening,76.01,4.76,Low,High
550-84-8664,A,Yangon,Normal,Male,Sports and travel,85.91,5,21.4775,451.0275,2019-03-22,14:33,Credit card,429.55,4.761904762,21.4775,8.6,2019-03-22 14:33:00,2019,3,March,22,Friday,14,False,Afternoon,90.21,4.76,High,High
339-96-8318,B,Mandalay,Member,Male,Fashion accessories,81.31,7,28.4585,597.6285,2019-03-01,19:49,Ewallet,569.17,4.761904762,28.4585,6.3,2019-03-01 19:49:00,2019,3,March,1,Friday,19,False,Evening,85.38,4.76,High,Medium
458-61-0011,B,Mandalay,Normal,Male,Food and beverages,60.3,4,12.06,253.26,2019-02-20,18:43,Cash,241.2,4.761904762,12.06,5.8,2019-02-20 18:43:00,2019,2,February,20,Wednesday,18,False,Evening,63.32,4.76,Medium,Low
592-34-6155,C,Naypyitaw,Normal,Male,Food and beverages,31.77,4,6.354,133.434,2019-01-14,14:43,Ewallet,127.08,4.761904762,6.354,6.2,2019-01-14 14:43:00,2019,1,January,14,Monday,14,False,Afternoon,33.36,4.76,Low,Medium
797-88-0493,A,Yangon,Normal,Female,Health and beauty,64.27,4,12.854,269.934,2019-03-26,13:54,Cash,257.08,4.761904762,12.854,7.7,2019-03-26 13:54:00,2019,3,March,26,Tuesday,13,False,Afternoon,67.48,4.76,Medium,Medium
207-73-1363,B,Mandalay,Normal,Male,Health and beauty,69.51,2,6.951,145.971,2019-03-01,12:15,Ewallet,139.02,4.761904762,6.951,8.1,2019-03-01 12:15:00,2019,3,March,1,Friday,12,False,Afternoon,72.99,4.76,Low,High
390-31-6381,C,Naypyitaw,Normal,Male,Food and beverages,27.22,3,4.083,85.743,2019-01-07,12:37,Cash,81.66,4.761904762,4.083,7.3,2019-01-07 12:37:00,2019,1,January,7,Monday,12,False,Afternoon,28.58,4.76,Low,Medium
443-82-0585,A,Yangon,Member,Female,Health and beauty,77.68,4,15.536,326.256,2019-02-01,19:54,Cash,310.72,4.761904762,15.536,8.4,2019-02-01 19:54:00,2019,2,February,1,Friday,19,False,Evening,81.56,4.76,Medium,High
339-18-7061,C,Naypyitaw,Member,Female,Fashion accessories,92.98,2,9.298,195.258,2019-02-13,15:06,Credit card,185.96,4.761904762,9.298,8.0,2019-02-13 15:06:00,2019,2,February,13,Wednesday,15,False,Afternoon,97.63,4.76,Medium,Medium
359-90-3665,B,Mandalay,Member,Female,Fashion accessories,18.08,4,3.616,75.936,2019-01-14,18:03,Credit card,72.32,4.761904762,3.616,9.5,2019-01-14 18:03:00,2019,1,January,14,Monday,18,False,Evening,18.98,4.76,Low,High
375-72-3056,B,Mandalay,Normal,Male,Sports and travel,63.06,3,9.459,198.639,2019-01-19,15:58,Ewallet,189.18,4.761904762,9.459,7.0,2019-01-19 15:58:00,2019,1,January,19,Saturday,15,True,Afternoon,66.21,4.76,Medium,Medium
127-47-6963,A,Yangon,Normal,Male,Health and beauty,51.71,4,10.342,217.182,2019-03-09,13:53,Credit card,206.84,4.761904762,10.342,9.8,2019-03-09 13:53:00,2019,3,March,9,Saturday,13,True,Afternoon,54.3,4.76,Medium,High
278-86-2735,A,Yangon,Normal,Female,Food and beverages,52.34,3,7.851,164.871,2019-03-27,14:03,Cash,157.02,4.761904762,7.851,9.2,2019-03-27 14:03:00,2019,3,March,27,Wednesday,14,False,Afternoon,54.96,4.76,Low,High
695-28-6250,A,Yangon,Normal,Female,Sports and travel,43.06,5,10.765,226.065,2019-02-04,16:38,Ewallet,215.3,4.761904762,10.765,7.7,2019-02-04 16:38:00,2019,2,February,4,Monday,16,False,Afternoon,45.21,4.76,Medium,Medium
379-17-6588,C,Naypyitaw,Normal,Male,Fashion accessories,59.61,10,29.805,625.905,2019-03-14,11:07,Cash,596.1,4.761904762,29.805,5.3,2019-03-14 11:07:00,2019,3,March,14,Thursday,11,False,Morning,62.59,4.76,High,Low
227-50-3718,A,Yangon,Normal,Male,Health and beauty,14.62,5,3.655,76.755,2019-03-04,12:23,Cash,73.1,4.761904762,3.655,4.4,2019-03-04 12:23:00,2019,3,March,4,Monday,12,False,Afternoon,15.35,4.76,Low,Low
302-15-2162,C,Naypyitaw,Member,Male,Health and beauty,46.53,6,13.959,293.139,2019-03-03,10:54,Credit card,279.18,4.761904762,13.959,4.3,2019-03-03 10:54:00,2019,3,March,3,Sunday,10,True,Morning,48.86,4.76,Medium,Low
788-07-8452,C,Naypyitaw,Member,Female,Home and lifestyle,24.24,7,8.484,178.164,2019-01-27,17:38,Ewallet,169.68,4.761904762,8.484,9.4,2019-01-27 17:38:00,2019,1,January,27,Sunday,17,True,Evening,25.45,4.76,Medium,High
560-49-6611,A,Yangon,Member,Female,Sports and travel,45.58,1,2.279,47.859,2019-02-07,14:13,Cash,45.58,4.761904762,2.279,9.8,2019-02-07 14:13:00,2019,2,February,7,Thursday,14,False,Afternoon,47.86,4.76,Low,High
880-35-0356,A,Yangon,Member,Female,Sports and travel,75.2,3,11.28,236.88,2019-02-05,11:51,Ewallet,225.6,4.761904762,11.28,4.8,2019-02-05 11:51:00,2019,2,February,5,Tuesday,11,False,Morning,78.96,4.76,Medium,Low
585-11-6748,B,Mandalay,Member,Male,Sports and travel,96.8,3,14.52,304.92,2019-03-15,13:05,Cash,290.4,4.761904762,14.52,5.3,2019-03-15 13:05:00,2019,3,March,15,Friday,13,False,Afternoon,101.64,4.76,Medium,Low
470-31-3286,B,Mandalay,Normal,Male,Health and beauty,14.82,3,2.223,46.683,2019-03-01,11:30,Credit card,44.46,4.761904762,2.223,8.7,2019-03-01 11:30:00,2019,3,March,1,Friday,11,False,Morning,15.56,4.76,Low,High
152-68-2907,A,Yangon,Normal,Male,Food and beverages,52.2,3,7.83,164.43,2019-02-15,13:30,Credit card,156.6,4.761904762,7.83,9.5,2019-02-15 13:30:00,2019,2,February,15,Friday,13,False,Afternoon,54.81,4.76,Low,High
123-35-4896,C,Naypyitaw,Normal,Female,Sports and travel,46.66,9,20.997,440.937,2019-02-17,19:11,Ewallet,419.94,4.761904762,20.997,5.3,2019-02-17 19:11:00,2019,2,February,17,Sunday,19,True,Evening,48.99,4.76,High,Low
258-69-7810,C,Naypyitaw,Normal,Female,Fashion accessories,36.85,5,9.2125,193.4625,2019-01-26,18:53,Cash,184.25,4.761904762,9.2125,9.2,2019-01-26 18:53:00,2019,1,January,26,Saturday,18,True,Evening,38.69,4.76,Medium,High
334-64-2006,A,Yangon,Member,Female,Home and lifestyle,70.32,2,7.032,147.672,2019-03-24,14:22,Ewallet,140.64,4.761904762,7.032,9.6,2019-03-24 14:22:00,2019,3,March,24,Sunday,14,True,Afternoon,73.84,4.76,Low,High
219-61-4139,C,Naypyitaw,Normal,Male,Electronic accessories,83.08,1,4.154,87.234,2019-01-23,17:16,Ewallet,83.08,4.761904762,4.154,6.4,2019-01-23 17:16:00,2019,1,January,23,Wednesday,17,False,Evening,87.23,4.76,Low,Medium
881-41-7302,C,Naypyitaw,Normal,Female,Fashion accessories,64.99,1,3.2495,68.2395,2019-01-26,10:06,Credit card,64.99,4.761904762,3.2495,4.5,2019-01-26 10:06:00,2019,1,January,26,Saturday,10,True,Morning,68.24,4.76,Low,Low
373-09-4567,C,Naypyitaw,Normal,Male,Food and beverages,77.56,10,38.78,814.38,2019-03-14,20:35,Ewallet,775.6,4.761904762,38.78,6.9,2019-03-14 20:35:00,2019,3,March,14,Thursday,20,False,Evening,81.44,4.76,High,Medium
642-30-6693,B,Mandalay,Normal,Female,Sports and travel,54.51,6,16.353,343.413,2019-03-17,13:54,Ewallet,327.06,4.761904762,16.353,7.8,2019-03-17 13:54:00,2019,3,March,17,Sunday,13,True,Afternoon,57.24,4.76,Medium,Medium
484-22-8230,C,Naypyitaw,Member,Female,Fashion accessories,51.89,7,18.1615,381.3915,2019-01-08,20:08,Cash,363.23,4.761904762,18.1615,4.5,2019-01-08 20:08:00,2019,1,January,8,Tuesday,20,False,Evening,54.48,4.76,Medium,Low
830-58-2383,B,Mandalay,Normal,Male,Home and lifestyle,31.75,4,6.35,133.35,2019-02-08,15:26,Cash,127.0,4.761904762,6.35,8.6,2019-02-08 15:26:00,2019,2,February,8,Friday,15,False,Afternoon,33.34,4.76,Low,High
559-98-9873,A,Yangon,Member,Female,Fashion accessories,53.65,7,18.7775,394.3275,2019-02-10,12:56,Ewallet,375.55,4.761904762,18.7775,5.2,2019-02-10 12:56:00,2019,2,February,10,Sunday,12,True,Afternoon,56.33,4.76,High,Low
544-32-5024,C,Naypyitaw,Member,Female,Food and beverages,49.79,4,9.958,209.118,2019-03-28,19:16,Credit card,199.16,4.761904762,9.958,6.4,2019-03-28 19:16:00,2019,3,March,28,Thursday,19,False,Evening,52.28,4.76,Medium,Medium
318-12-0304,A,Yangon,Normal,Male,Fashion accessories,30.61,1,1.5305,32.1405,2019-01-23,12:20,Ewallet,30.61,4.761904762,1.5305,5.2,2019-01-23 12:20:00,2019,1,January,23,Wednesday,12,False,Afternoon,32.14,4.76,Low,Low
349-97-8902,B,Mandalay,Member,Male,Food and beverages,57.89,2,5.789,121.569,2019-01-17,10:37,Ewallet,115.78,4.761904762,5.789,8.9,2019-01-17 10:37:00,2019,1,January,17,Thursday,10,False,Morning,60.78,4.76,Low,High
421-95-9805,A,Yangon,Normal,Female,Electronic accessories,28.96,1,1.448,30.408,2019-02-07,10:18,Credit card,28.96,4.761904762,1.448,6.2,2019-02-07 10:18:00,2019,2,February,7,Thursday,10,False,Morning,30.41,4.76,Low,Medium
277-35-5865,C,Naypyitaw,Member,Female,Food and beverages,98.97,9,44.5365,935.2665,2019-03-09,11:23,Cash,890.73,4.761904762,44.5365,6.7,2019-03-09 11:23:00,2019,3,March,9,Saturday,11,True,Morning,103.92,4.76,High,Medium
789-23-8625,B,Mandalay,Member,Male,Fashion accessories,93.22,3,13.983,293.643,2019-01-24,11:45,Cash,279.66,4.761904762,13.983,7.2,2019-01-24 11:45:00,2019,1,January,24,Thursday,11,False,Morning,97.88,4.76,Medium,Medium
284-54-4231,C,Naypyitaw,Member,Male,Sports and travel,80.93,1,4.0465,84.9765,2019-01-19,16:08,Credit card,80.93,4.761904762,4.0465,9.0,2019-01-19 16:08:00,2019,1,January,19,Saturday,16,True,Afternoon,84.98,4.76,Low,High
443-59-0061,A,Yangon,Member,Male,Food and beverages,67.45,10,33.725,708.225,2019-02-03,11:25,Ewallet,674.5,4.761904762,33.725,4.2,2019-02-03 11:25:00,2019,2,February,3,Sunday,11,True,Morning,70.82,4.76,High,Low
509-29-3912,A,Yangon,Member,Female,Sports and travel,38.72,9,17.424,365.904,2019-03-20,12:24,Ewallet,348.48,4.761904762,17.424,4.2,2019-03-20 12:24:00,2019,3,March,20,Wednesday,12,False,Afternoon,40.66,4.76,Medium,Low
327-40-9673,B,Mandalay,Member,Male,Sports and travel,72.6,6,21.78,457.38,2019-01-13,19:51,Cash,435.6,4.761904762,21.78,6.9,2019-01-13 19:51:00,2019,1,January,13,Sunday,19,True,Evening,76.23,4.76,High,Medium
840-19-2096,C,Naypyitaw,Member,Male,Electronic accessories,87.91,5,21.9775,461.5275,2019-03-14,18:10,Ewallet,439.55,4.761904762,21.9775,4.4,2019-03-14 18:10:00,2019,3,March,14,Thursday,18,False,Evening,92.31,4.76,High,Low
828-46-6863,A,Yangon,Member,Male,Food and beverages,98.53,6,29.559,620.739,2019-01-23,11:22,Credit card,591.18,4.761904762,29.559,4.0,2019-01-23 11:22:00,2019,1,January,23,Wednesday,11,False,Morning,103.46,4.76,High,Low
641-96-3695,C,Naypyitaw,Member,Female,Fashion accessories,43.46,6,13.038,273.798,2019-02-07,17:55,Ewallet,260.76,4.761904762,13.038,8.5,2019-02-07 17:55:00,2019,2,February,7,Thursday,17,False,Evening,45.63,4.76,Medium,High
420-97-3340,A,Yangon,Normal,Female,Food and beverages,71.68,3,10.752,225.792,2019-03-28,15:30,Credit card,215.04,4.761904762,10.752,9.2,2019-03-28 15:30:00,2019,3,March,28,Thursday,15,False,Afternoon,75.26,4.76,Medium,High
436-54-4512,A,Yangon,Member,Female,Food and beverages,91.61,1,4.5805,96.1905,2019-03-20,19:44,Cash,91.61,4.761904762,4.5805,9.8,2019-03-20 19:44:00,2019,3,March,20,Wednesday,19,False,Evening,96.19,4.76,Low,High
670-79-6321,B,Mandalay,Member,Female,Home and lifestyle,94.59,7,33.1065,695.2365,2019-01-17,15:27,Credit card,662.13,4.761904762,33.1065,4.9,2019-01-17 15:27:00,2019,1,January,17,Thursday,15,False,Afternoon,99.32,4.76,High,Low
852-62-7105,B,Mandalay,Normal,Female,Fashion accessories,83.25,10,41.625,874.125,2019-01-12,11:25,Credit card,832.5,4.761904762,41.625,4.4,2019-01-12 11:25:00,2019,1,January,12,Saturday,11,True,Morning,87.41,4.76,High,Low
598-06-7312,B,Mandalay,Member,Male,Fashion accessories,91.35,1,4.5675,95.9175,2019-02-16,15:42,Cash,91.35,4.761904762,4.5675,6.8,2019-02-16 15:42:00,2019,2,February,16,Saturday,15,True,Afternoon,95.92,4.76,Low,Medium
135-13-8269,B,Mandalay,Member,Female,Food and beverages,78.88,2,7.888,165.648,2019-01-26,16:04,Cash,157.76,4.761904762,7.888,9.1,2019-01-26 16:04:00,2019,1,January,26,Saturday,16,True,Afternoon,82.82,4.76,Medium,High
816-57-2053,A,Yangon,Normal,Male,Sports and travel,60.87,2,6.087,127.827,2019-03-09,12:37,Ewallet,121.74,4.761904762,6.087,8.7,2019-03-09 12:37:00,2019,3,March,9,Saturday,12,True,Afternoon,63.91,4.76,Low,High
628-90-8624,B,Mandalay,Member,Male,Health and beauty,82.58,10,41.29,867.09,2019-03-14,14:41,Cash,825.8,4.761904762,41.29,5.0,2019-03-14 14:41:00,2019,3,March,14,Thursday,14,False,Afternoon,86.71,4.76,High,Low
856-66-2701,A,Yangon,Member,Male,Home and lifestyle,53.3,3,7.995,167.895,2019-01-25,14:19,Ewallet,159.9,4.761904762,7.995,7.5,2019-01-25 14:19:00,2019,1,January,25,Friday,14,False,Afternoon,55.96,4.76,Medium,Medium
308-39-1707,A,Yangon,Normal,Female,Fashion accessories,12.09,1,0.6045,12.6945,2019-01-26,18:19,Credit card,12.09,4.761904762,0.6045,8.2,2019-01-26 18:19:00,2019,1,January,26,Saturday,18,True,Evening,12.69,4.76,Low,High
149-61-1929,A,Yangon,Normal,Male,Sports and travel,64.19,10,32.095,673.995,2019-01-19,14:08,Credit card,641.9,4.761904762,32.095,6.7,2019-01-19 14:08:00,2019,1,January,19,Saturday,14,True,Afternoon,67.4,4.76,High,Medium
655-07-2265,A,Yangon,Normal,Male,Electronic accessories,78.31,3,11.7465,246.6765,2019-03-05,16:38,Ewallet,234.93,4.761904762,11.7465,5.4,2019-03-05 16:38:00,2019,3,March,5,Tuesday,16,False,Afternoon,82.23,4.76,Medium,Low
589-02-8023,A,Yangon,Member,Male,Food and beverages,83.77,2,8.377,175.917,2019-01-15,10:54,Credit card,167.54,4.761904762,8.377,7.0,2019-01-15 10:54:00,2019,1,January,15,Tuesday,10,False,Morning,87.96,4.76,Medium,Medium
420-04-7590,B,Mandalay,Normal,Male,Home and lifestyle,99.7,3,14.955,314.055,2019-03-18,11:29,Ewallet,299.1,4.761904762,14.955,4.7,2019-03-18 11:29:00,2019,3,March,18,Monday,11,False,Morning,104.68,4.76,Medium,Low
182-88-2763,B,Mandalay,Member,Male,Food and beverages,79.91,3,11.9865,251.7165,2019-03-20,19:28,Credit card,239.73,4.761904762,11.9865,5.0,2019-03-20 19:28:00,2019,3,March,20,Wednesday,19,False,Evening,83.91,4.76,Medium,Low
188-55-0967,B,Mandalay,Member,Male,Health and beauty,66.47,10,33.235,697.935,2019-01-15,15:01,Credit card,664.7,4.761904762,33.235,5.0,2019-01-15 15:01:00,2019,1,January,15,Tuesday,15,False,Afternoon,69.79,4.76,High,Low
610-46-4100,A,Yangon,Normal,Male,Health and beauty,28.95,7,10.1325,212.7825,2019-03-03,20:31,Credit card,202.65,4.761904762,10.1325,6.0,2019-03-03 20:31:00,2019,3,March,3,Sunday,20,True,Evening,30.4,4.76,Medium,Low
318-81-2368,C,Naypyitaw,Normal,Female,Electronic accessories,46.2,1,2.31,48.51,2019-03-19,12:16,Cash,46.2,4.761904762,2.31,6.3,2019-03-19 12:16:00,2019,3,March,19,Tuesday,12,False,Afternoon,48.51,4.76,Low,Medium
364-33-8584,B,Mandalay,Member,Female,Food and beverages,17.63,5,4.4075,92.5575,2019-03-08,15:27,Cash,88.15,4.761904762,4.4075,8.5,2019-03-08 15:27:00,2019,3,March,8,Friday,15,False,Afternoon,18.51,4.76,Low,High
665-63-9737,B,Mandalay,Normal,Male,Fashion accessories,52.42,3,7.863,165.123,2019-02-27,17:36,Ewallet,157.26,4.761904762,7.863,7.5,2019-02-27 17:36:00,2019,2,February,27,Wednesday,17,False,Evening,55.04,4.76,Medium,Medium
695-09-5146,B,Mandalay,Member,Female,Food and beverages,98.79,3,14.8185,311.1885,2019-02-23,20:00,Ewallet,296.37,4.761904762,14.8185,6.4,2019-02-23 20:00:00,2019,2,February,23,Saturday,20,True,Evening,103.73,4.76,Medium,Medium
155-45-3814,C,Naypyitaw,Member,Female,Electronic accessories,88.55,8,35.42,743.82,2019-03-19,15:29,Ewallet,708.4,4.761904762,35.42,4.7,2019-03-19 15:29:00,2019,3,March,19,Tuesday,15,False,Afternoon,92.98,4.76,High,Low
794-32-2436,B,Mandalay,Member,Male,Electronic accessories,55.67,2,5.567,116.907,2019-03-27,15:08,Ewallet,111.34,4.761904762,5.567,6.0,2019-03-27 15:08:00,2019,3,March,27,Wednesday,15,False,Afternoon,58.45,4.76,Low,Low
131-15-8856,C,Naypyitaw,Member,Female,Food and beverages,72.52,8,29.008,609.168,2019-03-30,19:26,Credit card,580.16,4.761904762,29.008,4.0,2019-03-30 19:26:00,2019,3,March,30,Saturday,19,True,Evening,76.15,4.76,High,Low
273-84-2164,C,Naypyitaw,Member,Male,Electronic accessories,12.05,5,3.0125,63.2625,2019-02-16,15:53,Ewallet,60.25,4.761904762,3.0125,5.5,2019-02-16 15:53:00,2019,2,February,16,Saturday,15,True,Afternoon,12.65,4.76,Low,Low
706-36-6154,A,Yangon,Member,Male,Home and lifestyle,19.36,9,8.712,182.952,2019-01-18,18:43,Ewallet,174.24,4.761904762,8.712,8.7,2019-01-18 18:43:00,2019,1,January,18,Friday,18,False,Evening,20.33,4.76,Medium,High
778-89-7974,C,Naypyitaw,Normal,Male,Health and beauty,70.21,6,21.063,442.323,2019-03-30,14:58,Cash,421.26,4.761904762,21.063,7.4,2019-03-30 14:58:00,2019,3,March,30,Saturday,14,True,Afternoon,73.72,4.76,High,Medium
574-31-8277,B,Mandalay,Member,Male,Fashion accessories,33.63,1,1.6815,35.3115,2019-03-20,19:55,Cash,33.63,4.761904762,1.6815,5.6,2019-03-20 19:55:00,2019,3,March,20,Wednesday,19,False,Evening,35.31,4.76,Low,Low
859-71-0933,C,Naypyitaw,Member,Female,Sports and travel,15.49,2,1.549,32.529,2019-01-16,15:10,Cash,30.98,4.761904762,1.549,6.3,2019-01-16 15:10:00,2019,1,January,16,Wednesday,15,False,Afternoon,16.26,4.76,Low,Medium
740-11-5257,C,Naypyitaw,Normal,Male,Electronic accessories,24.74,10,12.37,259.77,2019-02-24,16:44,Cash,247.4,4.761904762,12.37,7.1,2019-02-24 16:44:00,2019,2,February,24,Sunday,16,True,Afternoon,25.98,4.76,Medium,Medium
369-82-2676,B,Mandalay,Normal,Male,Electronic accessories,75.66,5,18.915,397.215,2019-01-15,18:22,Ewallet,378.3,4.761904762,18.915,7.8,2019-01-15 18:22:00,2019,1,January,15,Tuesday,18,False,Evening,79.44,4.76,High,Medium
563-47-4072,B,Mandalay,Normal,Female,Health and beauty,55.81,6,16.743,351.603,2019-01-22,11:52,Cash,334.86,4.761904762,16.743,9.9,2019-01-22 11:52:00,2019,1,January,22,Tuesday,11,False,Morning,58.6,4.76,Medium,High
742-04-5161,A,Yangon,Member,Male,Home and lifestyle,72.78,10,36.39,764.19,2019-02-03,17:24,Cash,727.8,4.761904762,36.39,7.3,2019-02-03 17:24:00,2019,2,February,3,Sunday,17,True,Evening,76.42,4.76,High,Medium
149-15-7606,B,Mandalay,Member,Male,Sports and travel,37.32,9,16.794,352.674,2019-03-06,15:31,Ewallet,335.88,4.761904762,16.794,5.1,2019-03-06 15:31:00,2019,3,March,6,Wednesday,15,False,Afternoon,39.19,4.76,Medium,Low
133-77-3154,B,Mandalay,Member,Male,Fashion accessories,60.18,4,12.036,252.756,2019-02-16,18:04,Credit card,240.72,4.761904762,12.036,9.4,2019-02-16 18:04:00,2019,2,February,16,Saturday,18,True,Evening,63.19,4.76,Medium,High
169-52-4504,A,Yangon,Normal,Female,Electronic accessories,15.69,3,2.3535,49.4235,2019-03-14,14:13,Credit card,47.07,4.761904762,2.3535,5.8,2019-03-14 14:13:00,2019,3,March,14,Thursday,14,False,Afternoon,16.47,4.76,Low,Low
250-81-7186,C,Naypyitaw,Normal,Female,Electronic accessories,99.69,1,4.9845,104.6745,2019-02-27,10:23,Credit card,99.69,4.761904762,4.9845,8.0,2019-02-27 10:23:00,2019,2,February,27,Wednesday,10,False,Morning,104.67,4.76,Low,Medium
562-12-5430,A,Yangon,Member,Female,Fashion accessories,88.15,3,13.2225,277.6725,2019-01-18,10:11,Ewallet,264.45,4.761904762,13.2225,7.9,2019-01-18 10:11:00,2019,1,January,18,Friday,10,False,Morning,92.56,4.76,Medium,Medium
816-72-8853,A,Yangon,Member,Female,Sports and travel,27.93,5,6.9825,146.6325,2019-01-29,15:48,Cash,139.65,4.761904762,6.9825,5.9,2019-01-29 15:48:00,2019,1,January,29,Tuesday,15,False,Afternoon,29.33,4.76,Low,Low
491-38-3499,A,Yangon,Member,Male,Fashion accessories,55.45,1,2.7725,58.2225,2019-02-26,17:46,Credit card,55.45,4.761904762,2.7725,4.9,2019-02-26 17:46:00,2019,2,February,26,Tuesday,17,False,Evening,58.22,4.76,Low,Low
322-02-2271,B,Mandalay,Normal,Female,Sports and travel,42.97,3,6.4455,135.3555,2019-02-03,11:46,Cash,128.91,4.761904762,6.4455,9.3,2019-02-03 11:46:00,2019,2,February,3,Sunday,11,True,Morning,45.12,4.76,Low,High
842-29-4695,C,Naypyitaw,Member,Male,Sports and travel,17.14,7,5.999,125.979,2019-01-16,12:07,Credit card,119.98,4.761904762,5.999,7.9,2019-01-16 12:07:00,2019,1,January,16,Wednesday,12,False,Afternoon,18.0,4.76,Low,Medium
725-67-2480,B,Mandalay,Member,Female,Fashion accessories,58.75,6,17.625,370.125,2019-03-24,18:14,Credit card,352.5,4.761904762,17.625,5.9,2019-03-24 18:14:00,2019,3,March,24,Sunday,18,True,Evening,61.69,4.76,Medium,Low
641-51-2661,C,Naypyitaw,Member,Female,Food and beverages,87.1,10,43.55,914.55,2019-02-12,14:45,Credit card,871.0,4.761904762,43.55,9.9,2019-02-12 14:45:00,2019,2,February,12,Tuesday,14,False,Afternoon,91.46,4.76,High,High
714-02-3114,C,Naypyitaw,Normal,Female,Sports and travel,98.8,2,9.88,207.48,2019-02-21,11:39,Cash,197.6,4.761904762,9.88,7.7,2019-02-21 11:39:00,2019,2,February,21,Thursday,11,False,Morning,103.74,4.76,Medium,Medium
518-17-2983,A,Yangon,Normal,Female,Fashion accessories,48.63,4,9.726,204.246,2019-02-04,15:44,Ewallet,194.52,4.761904762,9.726,7.6,2019-02-04 15:44:00,2019,2,February,4,Monday,15,False,Afternoon,51.06,4.76,Medium,Medium
779-42-2410,B,Mandalay,Member,Male,Food and beverages,57.74,3,8.661,181.881,2019-02-20,13:06,Ewallet,173.22,4.761904762,8.661,7.7,2019-02-20 13:06:00,2019,2,February,20,Wednesday,13,False,Afternoon,60.63,4.76,Medium,Medium
190-14-3147,B,Mandalay,Normal,Female,Health and beauty,17.97,4,3.594,75.474,2019-02-23,20:43,Ewallet,71.88,4.761904762,3.594,6.4,2019-02-23 20:43:00,2019,2,February,23,Saturday,20,True,Evening,18.87,4.76,Low,Medium
408-66-6712,C,Naypyitaw,Member,Female,Health and beauty,47.71,6,14.313,300.573,2019-02-16,14:19,Ewallet,286.26,4.761904762,14.313,4.4,2019-02-16 14:19:00,2019,2,February,16,Saturday,14,True,Afternoon,50.1,4.76,Medium,Low
679-22-6530,B,Mandalay,Normal,Female,Sports and travel,40.62,2,4.062,85.302,2019-01-17,10:01,Credit card,81.24,4.761904762,4.062,4.1,2019-01-17 10:01:00,2019,1,January,17,Thursday,10,False,Morning,42.65,4.76,Low,Low
588-47-8641,A,Yangon,Member,Male,Fashion accessories,56.04,10,28.02,588.42,2019-01-14,19:30,Ewallet,560.4,4.761904762,28.02,4.4,2019-01-14 19:30:00,2019,1,January,14,Monday,19,False,Evening,58.84,4.76,High,Low
642-61-4706,B,Mandalay,Member,Male,Food and beverages,93.4,2,9.34,196.14,2019-03-30,16:34,Cash,186.8,4.761904762,9.34,5.5,2019-03-30 16:34:00,2019,3,March,30,Saturday,16,True,Afternoon,98.07,4.76,Medium,Low
576-31-4774,B,Mandalay,Normal,Female,Health and beauty,73.41,3,11.0115,231.2415,2019-03-02,13:10,Ewallet,220.23,4.761904762,11.0115,4.0,2019-03-02 13:10:00,2019,3,March,2,Saturday,13,True,Afternoon,77.08,4.76,Medium,Low
556-41-6224,C,Naypyitaw,Normal,Male,Health and beauty,33.64,8,13.456,282.576,2019-02-15,17:10,Credit card,269.12,4.761904762,13.456,9.3,2019-02-15 17:10:00,2019,2,February,15,Friday,17,False,Evening,35.32,4.76,Medium,High
811-03-8790,A,Yangon,Normal,Female,Electronic accessories,45.48,10,22.74,477.54,2019-03-01,10:22,Credit card,454.8,4.761904762,22.74,4.8,2019-03-01 10:22:00,2019,3,March,1,Friday,10,False,Morning,47.75,4.76,High,Low
242-11-3142,B,Mandalay,Member,Male,Fashion accessories,83.77,2,8.377,175.917,2019-02-24,19:57,Cash,167.54,4.761904762,8.377,4.6,2019-02-24 19:57:00,2019,2,February,24,Sunday,19,True,Evening,87.96,4.76,Medium,Low
752-23-3760,B,Mandalay,Member,Female,Sports and travel,64.08,7,22.428,470.988,2019-02-19,19:29,Credit card,448.56,4.761904762,22.428,7.3,2019-02-19 19:29:00,2019,2,February,19,Tuesday,19,False,Evening,67.28,4.76,High,Medium
274-05-5470,A,Yangon,Member,Female,Food and beverages,73.47,4,14.694,308.574,2019-02-23,18:30,Cash,293.88,4.761904762,14.694,6.0,2019-02-23 18:30:00,2019,2,February,23,Saturday,18,True,Evening,77.14,4.76,Medium,Low
648-94-3045,C,Naypyitaw,Normal,Male,Health and beauty,58.95,10,29.475,618.975,2019-02-07,14:27,Ewallet,589.5,4.761904762,29.475,8.1,2019-02-07 14:27:00,2019,2,February,7,Thursday,14,False,Afternoon,61.9,4.76,High,High
130-67-4723,A,Yangon,Member,Male,Food and beverages,48.5,6,14.55,305.55,2019-01-11,13:57,Ewallet,291.0,4.761904762,14.55,9.4,2019-01-11 13:57:00,2019,1,January,11,Friday,13,False,Afternoon,50.92,4.76,Medium,High
528-87-5606,B,Mandalay,Member,Female,Electronic accessories,39.48,1,1.974,41.454,2019-02-12,19:43,Cash,39.48,4.761904762,1.974,6.5,2019-02-12 19:43:00,2019,2,February,12,Tuesday,19,False,Evening,41.45,4.76,Low,Medium
320-85-2052,B,Mandalay,Normal,Female,Sports and travel,34.81,1,1.7405,36.5505,2019-01-14,10:11,Credit card,34.81,4.761904762,1.7405,7.0,2019-01-14 10:11:00,2019,1,January,14,Monday,10,False,Morning,36.55,4.76,Low,Medium
370-96-0655,C,Naypyitaw,Normal,Female,Fashion accessories,49.32,6,14.796,310.716,2019-01-09,13:46,Ewallet,295.92,4.761904762,14.796,7.1,2019-01-09 13:46:00,2019,1,January,9,Wednesday,13,False,Afternoon,51.79,4.76,Medium,Medium
105-10-6182,A,Yangon,Member,Male,Fashion accessories,21.48,2,2.148,45.108,2019-02-27,12:22,Ewallet,42.96,4.761904762,2.148,6.6,2019-02-27 12:22:00,2019,2,February,27,Wednesday,12,False,Afternoon,22.55,4.76,Low,Medium
510-79-0415,B,Mandalay,Member,Female,Sports and travel,23.08,6,6.924,145.404,2019-01-24,19:20,Ewallet,138.48,4.761904762,6.924,4.9,2019-01-24 19:20:00,2019,1,January,24,Thursday,19,False,Evening,24.23,4.76,Low,Low
241-96-5076,B,Mandalay,Member,Female,Home and lifestyle,49.1,2,4.91,103.11,2019-01-08,12:58,Credit card,98.2,4.761904762,4.91,6.4,2019-01-08 12:58:00,2019,1,January,8,Tuesday,12,False,Afternoon,51.56,4.76,Low,Medium
767-97-4650,B,Mandalay,Member,Female,Sports and travel,64.83,2,6.483,136.143,2019-01-08,11:59,Credit card,129.66,4.761904762,6.483,8.0,2019-01-08 11:59:00,2019,1,January,8,Tuesday,11,False,Morning,68.07,4.76,Low,Medium
648-83-1321,A,Yangon,Member,Male,Home and lifestyle,63.56,10,31.78,667.38,2019-01-16,17:59,Cash,635.6,4.761904762,31.78,4.3,2019-01-16 17:59:00,2019,1,January,16,Wednesday,17,False,Evening,66.74,4.76,High,Low
173-57-2300,C,Naypyitaw,Member,Male,Sports and travel,72.88,2,7.288,153.048,2019-03-13,12:51,Cash,145.76,4.761904762,7.288,6.1,2019-03-13 12:51:00,2019,3,March,13,Wednesday,12,False,Afternoon,76.52,4.76,Low,Medium
305-03-2383,A,Yangon,Normal,Female,Food and beverages,67.1,3,10.065,211.365,2019-02-15,10:36,Cash,201.3,4.761904762,10.065,7.5,2019-02-15 10:36:00,2019,2,February,15,Friday,10,False,Morning,70.46,4.76,Medium,Medium
394-55-6384,C,Naypyitaw,Member,Female,Sports and travel,70.19,9,31.5855,663.2955,2019-01-25,13:38,Cash,631.71,4.761904762,31.5855,6.7,2019-01-25 13:38:00,2019,1,January,25,Friday,13,False,Afternoon,73.7,4.76,High,Medium
266-20-6657,C,Naypyitaw,Member,Male,Food and beverages,55.04,7,19.264,404.544,2019-03-12,19:39,Ewallet,385.28,4.761904762,19.264,5.2,2019-03-12 19:39:00,2019,3,March,12,Tuesday,19,False,Evening,57.79,4.76,High,Low
689-05-1884,A,Yangon,Member,Male,Health and beauty,48.63,10,24.315,510.615,2019-03-04,12:44,Cash,486.3,4.761904762,24.315,8.8,2019-03-04 12:44:00,2019,3,March,4,Monday,12,False,Afternoon,51.06,4.76,High,High
196-01-2849,C,Naypyitaw,Member,Female,Fashion accessories,73.38,7,25.683,539.343,2019-02-10,13:56,Cash,513.66,4.761904762,25.683,9.5,2019-02-10 13:56:00,2019,2,February,10,Sunday,13,True,Afternoon,77.05,4.76,High,High
372-62-5264,C,Naypyitaw,Normal,Female,Food and beverages,52.6,9,23.67,497.07,2019-01-16,14:42,Cash,473.4,4.761904762,23.67,7.6,2019-01-16 14:42:00,2019,1,January,16,Wednesday,14,False,Afternoon,55.23,4.76,High,Medium
800-09-8606,A,Yangon,Member,Female,Home and lifestyle,87.37,5,21.8425,458.6925,2019-01-29,19:45,Cash,436.85,4.761904762,21.8425,6.6,2019-01-29 19:45:00,2019,1,January,29,Tuesday,19,False,Evening,91.74,4.76,High,Medium
182-52-7000,A,Yangon,Member,Female,Sports and travel,27.04,4,5.408,113.568,2019-01-01,20:26,Ewallet,108.16,4.761904762,5.408,6.9,2019-01-01 20:26:00,2019,1,January,1,Tuesday,20,False,Evening,28.39,4.76,Low,Medium
826-58-8051,B,Mandalay,Normal,Male,Home and lifestyle,62.19,4,12.438,261.198,2019-01-06,19:46,Ewallet,248.76,4.761904762,12.438,4.3,2019-01-06 19:46:00,2019,1,January,6,Sunday,19,True,Evening,65.3,4.76,Medium,Low
868-06-0466,A,Yangon,Member,Male,Electronic accessories,69.58,9,31.311,657.531,2019-02-19,19:38,Credit card,626.22,4.761904762,31.311,7.8,2019-02-19 19:38:00,2019,2,February,19,Tuesday,19,False,Evening,73.06,4.76,High,Medium
751-41-9720,C,Naypyitaw,Normal,Male,Home and lifestyle,97.5,10,48.75,1023.75,2019-01-12,16:18,Ewallet,975.0,4.761904762,48.75,8.0,2019-01-12 16:18:00,2019,1,January,12,Saturday,16,True,Afternoon,102.38,4.76,High,Medium
626-43-7888,C,Naypyitaw,Normal,Female,Fashion accessories,60.41,8,24.164,507.444,2019-02-07,12:23,Ewallet,483.28,4.761904762,24.164,9.6,2019-02-07 12:23:00,2019,2,February,7,Thursday,12,False,Afternoon,63.43,4.76,High,High
176-64-7711,B,Mandalay,Normal,Male,Food and beverages,32.32,3,4.848,101.808,2019-03-27,19:11,Credit card,96.96,4.761904762,4.848,4.3,2019-03-27 19:11:00,2019,3,March,27,Wednesday,19,False,Evening,33.94,4.76,Low,Low
191-29-0321,B,Mandalay,Member,Female,Fashion accessories,19.77,10,9.885,207.585,2019-02-27,18:57,Credit card,197.7,4.761904762,9.885,5.0,2019-02-27 18:57:00,2019,2,February,27,Wednesday,18,False,Evening,20.76,4.76,Medium,Low
729-06-2010,B,Mandalay,Member,Male,Health and beauty,80.47,9,36.2115,760.4415,2019-01-06,11:18,Cash,724.23,4.761904762,36.2115,9.2,2019-01-06 11:18:00,2019,1,January,6,Sunday,11,True,Morning,84.49,4.76,High,High
640-48-5028,B,Mandalay,Member,Female,Home and lifestyle,88.39,9,39.7755,835.2855,2019-03-02,12:40,Cash,795.51,4.761904762,39.7755,6.3,2019-03-02 12:40:00,2019,3,March,2,Saturday,12,True,Afternoon,92.81,4.76,High,Medium
186-79-9562,B,Mandalay,Normal,Male,Health and beauty,71.77,7,25.1195,527.5095,2019-03-29,14:06,Cash,502.39,4.761904762,25.1195,8.9,2019-03-29 14:06:00,2019,3,March,29,Friday,14,False,Afternoon,75.36,4.76,High,High
834-45-5519,B,Mandalay,Normal,Female,Electronic accessories,43.0,4,8.6,180.6,2019-01-31,20:48,Ewallet,172.0,4.761904762,8.6,7.6,2019-01-31 20:48:00,2019,1,January,31,Thursday,20,False,Evening,45.15,4.76,Medium,Medium
162-65-8559,C,Naypyitaw,Member,Male,Food and beverages,68.98,1,3.449,72.429,2019-01-21,20:13,Cash,68.98,4.761904762,3.449,4.8,2019-01-21 20:13:00,2019,1,January,21,Monday,20,False,Evening,72.43,4.76,Low,Low
760-27-5490,C,Naypyitaw,Normal,Male,Fashion accessories,15.62,8,6.248,131.208,2019-01-20,20:37,Ewallet,124.96,4.761904762,6.248,9.1,2019-01-20 20:37:00,2019,1,January,20,Sunday,20,True,Evening,16.4,4.76,Low,High
445-30-9252,A,Yangon,Normal,Male,Sports and travel,25.7,3,3.855,80.955,2019-01-17,17:59,Ewallet,77.1,4.761904762,3.855,6.1,2019-01-17 17:59:00,2019,1,January,17,Thursday,17,False,Evening,26.98,4.76,Low,Medium
786-94-2700,A,Yangon,Member,Male,Food and beverages,80.62,6,24.186,507.906,2019-02-28,20:18,Cash,483.72,4.761904762,24.186,9.1,2019-02-28 20:18:00,2019,2,February,28,Thursday,20,False,Evening,84.65,4.76,High,High
728-88-7867,C,Naypyitaw,Member,Female,Home and lifestyle,75.53,4,15.106,317.226,2019-03-19,15:52,Ewallet,302.12,4.761904762,15.106,8.3,2019-03-19 15:52:00,2019,3,March,19,Tuesday,15,False,Afternoon,79.31,4.76,Medium,High
183-21-3799,C,Naypyitaw,Normal,Female,Electronic accessories,77.63,9,34.9335,733.6035,2019-02-19,15:14,Ewallet,698.67,4.761904762,34.9335,7.2,2019-02-19 15:14:00,2019,2,February,19,Tuesday,15,False,Afternoon,81.51,4.76,High,Medium
268-20-3585,C,Naypyitaw,Normal,Female,Health and beauty,13.85,9,6.2325,130.8825,2019-02-04,12:50,Ewallet,124.65,4.761904762,6.2325,6.0,2019-02-04 12:50:00,2019,2,February,4,Monday,12,False,Afternoon,14.54,4.76,Low,Low
735-32-9839,C,Naypyitaw,Member,Male,Fashion accessories,98.7,8,39.48,829.08,2019-01-31,10:36,Ewallet,789.6,4.761904762,39.48,8.5,2019-01-31 10:36:00,2019,1,January,31,Thursday,10,False,Morning,103.64,4.76,High,High
258-92-7466,A,Yangon,Normal,Female,Health and beauty,35.68,5,8.92,187.32,2019-02-06,18:33,Credit card,178.4,4.761904762,8.92,6.6,2019-02-06 18:33:00,2019,2,February,6,Wednesday,18,False,Evening,37.46,4.76,Medium,Medium
857-16-3520,A,Yangon,Member,Female,Fashion accessories,71.46,7,25.011,525.231,2019-03-28,16:06,Ewallet,500.22,4.761904762,25.011,4.5,2019-03-28 16:06:00,2019,3,March,28,Thursday,16,False,Afternoon,75.03,4.76,High,Low
482-17-1179,A,Yangon,Member,Male,Electronic accessories,11.94,3,1.791,37.611,2019-01-19,12:47,Credit card,35.82,4.761904762,1.791,8.1,2019-01-19 12:47:00,2019,1,January,19,Saturday,12,True,Afternoon,12.54,4.76,Low,High
788-21-5741,A,Yangon,Normal,Male,Fashion accessories,45.38,3,6.807,142.947,2019-02-17,13:34,Credit card,136.14,4.761904762,6.807,7.2,2019-02-17 13:34:00,2019,2,February,17,Sunday,13,True,Afternoon,47.65,4.76,Low,Medium
821-14-9046,B,Mandalay,Member,Female,Fashion accessories,17.48,6,5.244,110.124,2019-01-18,15:04,Credit card,104.88,4.761904762,5.244,6.1,2019-01-18 15:04:00,2019,1,January,18,Friday,15,False,Afternoon,18.35,4.76,Low,Medium
418-05-0656,B,Mandalay,Normal,Female,Fashion accessories,25.56,7,8.946,187.866,2019-02-02,20:42,Cash,178.92,4.761904762,8.946,7.1,2019-02-02 20:42:00,2019,2,February,2,Saturday,20,True,Evening,26.84,4.76,Medium,Medium
678-79-0726,C,Naypyitaw,Member,Female,Sports and travel,90.63,9,40.7835,856.4535,2019-01-18,15:28,Cash,815.67,4.761904762,40.7835,5.1,2019-01-18 15:28:00,2019,1,January,18,Friday,15,False,Afternoon,95.16,4.76,High,Low
776-68-1096,B,Mandalay,Normal,Male,Home and lifestyle,44.12,3,6.618,138.978,2019-03-18,13:45,Credit card,132.36,4.761904762,6.618,7.9,2019-03-18 13:45:00,2019,3,March,18,Monday,13,False,Afternoon,46.33,4.76,Low,Medium
592-46-1692,C,Naypyitaw,Member,Female,Food and beverages,36.77,7,12.8695,270.2595,2019-01-11,20:10,Cash,257.39,4.761904762,12.8695,7.4,2019-01-11 20:10:00,2019,1,January,11,Friday,20,False,Evening,38.61,4.76,Medium,Medium
434-35-9162,B,Mandalay,Member,Male,Food and beverages,23.34,4,4.668,98.028,2019-02-04,18:53,Ewallet,93.36,4.761904762,4.668,7.4,2019-02-04 18:53:00,2019,2,February,4,Monday,18,False,Evening,24.51,4.76,Low,Medium
149-14-0304,C,Naypyitaw,Member,Female,Health and beauty,28.5,8,11.4,239.4,2019-02-06,14:24,Cash,228.0,4.761904762,11.4,6.6,2019-02-06 14:24:00,2019,2,February,6,Wednesday,14,False,Afternoon,29.92,4.76,Medium,Medium
442-44-6497,C,Naypyitaw,Member,Male,Home and lifestyle,55.57,3,8.3355,175.0455,2019-01-08,11:42,Credit card,166.71,4.761904762,8.3355,5.9,2019-01-08 11:42:00,2019,1,January,8,Tuesday,11,False,Morning,58.35,4.76,Medium,Low
174-64-0215,B,Mandalay,Normal,Male,Sports and travel,69.74,10,34.87,732.27,2019-03-05,17:49,Credit card,697.4,4.761904762,34.87,8.9,2019-03-05 17:49:00,2019,3,March,5,Tuesday,17,False,Evening,73.23,4.76,High,High
210-74-9613,C,Naypyitaw,Normal,Male,Fashion accessories,97.26,4,19.452,408.492,2019-03-16,15:33,Ewallet,389.04,4.761904762,19.452,6.8,2019-03-16 15:33:00,2019,3,March,16,Saturday,15,True,Afternoon,102.12,4.76,High,Medium
299-29-0180,B,Mandalay,Member,Female,Home and lifestyle,52.18,7,18.263,383.523,2019-03-09,10:54,Cash,365.26,4.761904762,18.263,9.3,2019-03-09 10:54:00,2019,3,March,9,Saturday,10,True,Morning,54.79,4.76,Medium,High
247-11-2470,A,Yangon,Member,Female,Fashion accessories,22.32,4,4.464,93.744,2019-03-01,16:23,Credit card,89.28,4.761904762,4.464,4.4,2019-03-01 16:23:00,2019,3,March,1,Friday,16,False,Afternoon,23.44,4.76,Low,Low
635-28-5728,A,Yangon,Normal,Male,Health and beauty,56.0,3,8.4,176.4,2019-02-28,19:33,Ewallet,168.0,4.761904762,8.4,4.8,2019-02-28 19:33:00,2019,2,February,28,Thursday,19,False,Evening,58.8,4.76,Medium,Low
756-49-0168,A,Yangon,Member,Male,Fashion accessories,19.7,1,0.985,20.685,2019-02-08,11:39,Ewallet,19.7,4.761904762,0.985,9.5,2019-02-08 11:39:00,2019,2,February,8,Friday,11,False,Morning,20.68,4.76,Low,High
438-23-1242,B,Mandalay,Normal,Male,Electronic accessories,75.88,7,26.558,557.718,2019-01-24,10:38,Ewallet,531.16,4.761904762,26.558,8.9,2019-01-24 10:38:00,2019,1,January,24,Thursday,10,False,Morning,79.67,4.76,High,High
238-45-6950,B,Mandalay,Member,Male,Food and beverages,53.72,1,2.686,56.406,2019-03-01,20:03,Ewallet,53.72,4.761904762,2.686,6.4,2019-03-01 20:03:00,2019,3,March,1,Friday,20,False,Evening,56.41,4.76,Low,Medium
607-65-2441,C,Naypyitaw,Member,Male,Health and beauty,81.95,10,40.975,860.475,2019-03-10,12:39,Credit card,819.5,4.761904762,40.975,6.0,2019-03-10 12:39:00,2019,3,March,10,Sunday,12,True,Afternoon,86.05,4.76,High,Low
386-27-7606,C,Naypyitaw,Member,Female,Home and lifestyle,81.2,7,28.42,596.82,2019-03-23,15:59,Credit card,568.4,4.761904762,28.42,8.1,2019-03-23 15:59:00,2019,3,March,23,Saturday,15,True,Afternoon,85.26,4.76,High,High
137-63-5492,C,Naypyitaw,Normal,Male,Electronic accessories,58.76,10,29.38,616.98,2019-01-29,14:26,Ewallet,587.6,4.761904762,29.38,9.0,2019-01-29 14:26:00,2019,1,January,29,Tuesday,14,False,Afternoon,61.7,4.76,High,High
197-77-7132,B,Mandalay,Member,Male,Electronic accessories,91.56,8,36.624,769.104,2019-01-12,18:22,Ewallet,732.48,4.761904762,36.624,6.0,2019-01-12 18:22:00,2019,1,January,12,Saturday,18,True,Evening,96.14,4.76,High,Low
805-86-0265,A,Yangon,Normal,Male,Home and lifestyle,93.96,9,42.282,887.922,2019-03-20,11:32,Cash,845.64,4.761904762,42.282,9.8,2019-03-20 11:32:00,2019,3,March,20,Wednesday,11,False,Morning,98.66,4.76,High,High
733-29-1227,C,Naypyitaw,Normal,Male,Home and lifestyle,55.61,7,19.4635,408.7335,2019-03-23,12:41,Cash,389.27,4.761904762,19.4635,8.5,2019-03-23 12:41:00,2019,3,March,23,Saturday,12,True,Afternoon,58.39,4.76,High,High
451-73-2711,C,Naypyitaw,Normal,Male,Food and beverages,84.83,1,4.2415,89.0715,2019-01-14,15:20,Ewallet,84.83,4.761904762,4.2415,8.8,2019-01-14 15:20:00,2019,1,January,14,Monday,15,False,Afternoon,89.07,4.76,Low,High
373-14-0504,A,Yangon,Member,Female,Sports and travel,71.63,2,7.163,150.423,2019-02-12,14:33,Ewallet,143.26,4.761904762,7.163,8.8,2019-02-12 14:33:00,2019,2,February,12,Tuesday,14,False,Afternoon,75.21,4.76,Low,High
546-80-2899,A,Yangon,Member,Male,Home and lifestyle,37.69,2,3.769,79.149,2019-02-20,15:29,Ewallet,75.38,4.761904762,3.769,9.5,2019-02-20 15:29:00,2019,2,February,20,Wednesday,15,False,Afternoon,39.57,4.76,Low,High
345-68-9016,C,Naypyitaw,Member,Female,Sports and travel,31.67,8,12.668,266.028,2019-01-02,16:19,Credit card,253.36,4.761904762,12.668,5.6,2019-01-02 16:19:00,2019,1,January,2,Wednesday,16,False,Afternoon,33.25,4.76,Medium,Low
390-17-5806,C,Naypyitaw,Member,Female,Food and beverages,38.42,1,1.921,40.341,2019-02-02,16:33,Cash,38.42,4.761904762,1.921,8.6,2019-02-02 16:33:00,2019,2,February,2,Saturday,16,True,Afternoon,40.34,4.76,Low,High
457-13-1708,B,Mandalay,Member,Male,Fashion accessories,65.23,10,32.615,684.915,2019-01-08,19:07,Credit card,652.3,4.761904762,32.615,5.2,2019-01-08 19:07:00,2019,1,January,8,Tuesday,19,False,Evening,68.49,4.76,High,Low
664-14-2882,C,Naypyitaw,Member,Female,Home and lifestyle,10.53,5,2.6325,55.2825,2019-01-30,14:43,Credit card,52.65,4.761904762,2.6325,5.8,2019-01-30 14:43:00,2019,1,January,30,Wednesday,14,False,Afternoon,11.06,4.76,Low,Low
487-79-6868,B,Mandalay,Member,Female,Home and lifestyle,12.29,9,5.5305,116.1405,2019-03-26,19:28,Credit card,110.61,4.761904762,5.5305,8.0,2019-03-26 19:28:00,2019,3,March,26,Tuesday,19,False,Evening,12.9,4.76,Low,Medium
314-23-4520,C,Naypyitaw,Member,Male,Health and beauty,81.23,7,28.4305,597.0405,2019-01-15,20:44,Cash,568.61,4.761904762,28.4305,9.0,2019-01-15 20:44:00,2019,1,January,15,Tuesday,20,False,Evening,85.29,4.76,High,High
210-30-7976,B,Mandalay,Member,Female,Fashion accessories,22.32,4,4.464,93.744,2019-03-14,11:16,Ewallet,89.28,4.761904762,4.464,4.1,2019-03-14 11:16:00,2019,3,March,14,Thursday,11,False,Morning,23.44,4.76,Low,Low
585-86-8361,A,Yangon,Normal,Female,Food and beverages,27.28,5,6.82,143.22,2019-02-03,10:31,Credit card,136.4,4.761904762,6.82,8.6,2019-02-03 10:31:00,2019,2,February,3,Sunday,10,True,Morning,28.64,4.76,Low,High
807-14-7833,A,Yangon,Member,Female,Electronic accessories,17.42,10,8.71,182.91,2019-02-22,12:30,Ewallet,174.2,4.761904762,8.71,7.0,2019-02-22 12:30:00,2019,2,February,22,Friday,12,False,Afternoon,18.29,4.76,Medium,Medium
775-72-1988,B,Mandalay,Normal,Male,Home and lifestyle,73.28,5,18.32,384.72,2019-01-24,15:05,Ewallet,366.4,4.761904762,18.32,8.4,2019-01-24 15:05:00,2019,1,January,24,Thursday,15,False,Afternoon,76.94,4.76,Medium,High
288-38-3758,C,Naypyitaw,Member,Female,Fashion accessories,84.87,3,12.7305,267.3405,2019-01-25,18:30,Ewallet,254.61,4.761904762,12.7305,7.4,2019-01-25 18:30:00,2019,1,January,25,Friday,18,False,Evening,89.11,4.76,Medium,Medium
652-43-6591,A,Yangon,Normal,Female,Fashion accessories,97.29,8,38.916,817.236,2019-03-09,13:18,Credit card,778.32,4.761904762,38.916,6.2,2019-03-09 13:18:00,2019,3,March,9,Saturday,13,True,Afternoon,102.15,4.76,High,Medium
785-96-0615,B,Mandalay,Member,Female,Electronic accessories,35.74,8,14.296,300.216,2019-02-17,15:28,Ewallet,285.92,4.761904762,14.296,4.9,2019-02-17 15:28:00,2019,2,February,17,Sunday,15,True,Afternoon,37.53,4.76,Medium,Low
406-46-7107,A,Yangon,Normal,Female,Home and lifestyle,96.52,6,28.956,608.076,2019-01-11,11:52,Cash,579.12,4.761904762,28.956,4.5,2019-01-11 11:52:00,2019,1,January,11,Friday,11,False,Morning,101.35,4.76,High,Low
250-17-5703,A,Yangon,Member,Male,Food and beverages,18.85,10,9.425,197.925,2019-02-27,18:24,Ewallet,188.5,4.761904762,9.425,5.6,2019-02-27 18:24:00,2019,2,February,27,Wednesday,18,False,Evening,19.79,4.76,Medium,Low
156-95-3964,A,Yangon,Normal,Female,Food and beverages,55.39,4,11.078,232.638,2019-03-25,15:19,Ewallet,221.56,4.761904762,11.078,8.0,2019-03-25 15:19:00,2019,3,March,25,Monday,15,False,Afternoon,58.16,4.76,Medium,Medium
842-40-8179,B,Mandalay,Member,Female,Food and beverages,77.2,10,38.6,810.6,2019-02-11,10:38,Credit card,772.0,4.761904762,38.6,5.6,2019-02-11 10:38:00,2019,2,February,11,Monday,10,False,Morning,81.06,4.76,High,Low
525-09-8450,B,Mandalay,Normal,Male,Electronic accessories,72.13,10,36.065,757.365,2019-01-31,15:12,Credit card,721.3,4.761904762,36.065,4.2,2019-01-31 15:12:00,2019,1,January,31,Thursday,15,False,Afternoon,75.74,4.76,High,Low
410-67-1709,A,Yangon,Member,Female,Fashion accessories,63.88,8,25.552,536.592,2019-01-20,17:48,Ewallet,511.04,4.761904762,25.552,9.9,2019-01-20 17:48:00,2019,1,January,20,Sunday,17,True,Evening,67.07,4.76,High,High
587-73-4862,A,Yangon,Member,Female,Health and beauty,10.69,5,2.6725,56.1225,2019-03-26,11:07,Ewallet,53.45,4.761904762,2.6725,7.6,2019-03-26 11:07:00,2019,3,March,26,Tuesday,11,False,Morning,11.22,4.76,Low,Medium
787-87-2010,A,Yangon,Member,Male,Health and beauty,55.5,4,11.1,233.1,2019-01-20,15:48,Credit card,222.0,4.761904762,11.1,6.6,2019-01-20 15:48:00,2019,1,January,20,Sunday,15,True,Afternoon,58.28,4.76,Medium,Medium
593-14-4239,B,Mandalay,Normal,Female,Home and lifestyle,95.46,8,38.184,801.864,2019-03-05,19:40,Ewallet,763.68,4.761904762,38.184,4.7,2019-03-05 19:40:00,2019,3,March,5,Tuesday,19,False,Evening,100.23,4.76,High,Low
801-88-0346,C,Naypyitaw,Normal,Female,Fashion accessories,76.06,3,11.409,239.589,2019-01-05,20:30,Credit card,228.18,4.761904762,11.409,9.8,2019-01-05 20:30:00,2019,1,January,5,Saturday,20,True,Evening,79.86,4.76,Medium,High
388-76-2555,B,Mandalay,Normal,Male,Sports and travel,13.69,6,4.107,86.247,2019-02-13,13:59,Cash,82.14,4.761904762,4.107,6.3,2019-02-13 13:59:00,2019,2,February,13,Wednesday,13,False,Afternoon,14.37,4.76,Low,Medium
711-31-1234,B,Mandalay,Normal,Female,Electronic accessories,95.64,4,19.128,401.688,2019-03-16,18:51,Cash,382.56,4.761904762,19.128,7.9,2019-03-16 18:51:00,2019,3,March,16,Saturday,18,True,Evening,100.42,4.76,High,Medium
886-54-6089,A,Yangon,Normal,Female,Home and lifestyle,11.43,6,3.429,72.009,2019-01-15,17:24,Cash,68.58,4.761904762,3.429,7.7,2019-01-15 17:24:00,2019,1,January,15,Tuesday,17,False,Evening,12.0,4.76,Low,Medium
707-32-7409,B,Mandalay,Member,Female,Sports and travel,95.54,4,19.108,401.268,2019-02-26,11:58,Ewallet,382.16,4.761904762,19.108,4.5,2019-02-26 11:58:00,2019,2,February,26,Tuesday,11,False,Morning,100.32,4.76,High,Low
759-98-4285,C,Naypyitaw,Member,Female,Health and beauty,85.87,7,30.0545,631.1445,2019-02-27,19:01,Credit card,601.09,4.761904762,30.0545,8.0,2019-02-27 19:01:00,2019,2,February,27,Wednesday,19,False,Evening,90.16,4.76,High,Medium
201-63-8275,C,Naypyitaw,Member,Female,Sports and travel,67.99,7,23.7965,499.7265,2019-02-17,16:50,Ewallet,475.93,4.761904762,23.7965,5.7,2019-02-17 16:50:00,2019,2,February,17,Sunday,16,True,Afternoon,71.39,4.76,High,Low
471-06-8611,C,Naypyitaw,Normal,Female,Food and beverages,52.42,1,2.621,55.041,2019-02-06,10:22,Credit card,52.42,4.761904762,2.621,6.3,2019-02-06 10:22:00,2019,2,February,6,Wednesday,10,False,Morning,55.04,4.76,Low,Medium
200-16-5952,C,Naypyitaw,Member,Male,Food and beverages,65.65,2,6.565,137.865,2019-01-17,16:46,Cash,131.3,4.761904762,6.565,6.0,2019-01-17 16:46:00,2019,1,January,17,Thursday,16,False,Afternoon,68.93,4.76,Low,Low
120-54-2248,B,Mandalay,Normal,Female,Food and beverages,28.86,5,7.215,151.515,2019-01-22,18:08,Credit card,144.3,4.761904762,7.215,8.0,2019-01-22 18:08:00,2019,1,January,22,Tuesday,18,False,Evening,30.3,4.76,Low,Medium
102-77-2261,C,Naypyitaw,Member,Male,Health and beauty,65.31,7,22.8585,480.0285,2019-03-05,18:02,Credit card,457.17,4.761904762,22.8585,4.2,2019-03-05 18:02:00,2019,3,March,5,Tuesday,18,False,Evening,68.58,4.76,High,Low
875-31-8302,B,Mandalay,Normal,Male,Sports and travel,93.38,1,4.669,98.049,2019-01-03,13:07,Cash,93.38,4.761904762,4.669,9.6,2019-01-03 13:07:00,2019,1,January,3,Thursday,13,False,Afternoon,98.05,4.76,Low,High
102-06-2002,C,Naypyitaw,Member,Male,Sports and travel,25.25,5,6.3125,132.5625,2019-03-20,17:52,Cash,126.25,4.761904762,6.3125,6.1,2019-03-20 17:52:00,2019,3,March,20,Wednesday,17,False,Evening,26.51,4.76,Low,Medium
457-94-0464,B,Mandalay,Member,Male,Electronic accessories,87.87,9,39.5415,830.3715,2019-01-31,20:32,Ewallet,790.83,4.761904762,39.5415,5.6,2019-01-31 20:32:00,2019,1,January,31,Thursday,20,False,Evening,92.26,4.76,High,Low
629-42-4133,C,Naypyitaw,Normal,Male,Health and beauty,21.8,8,8.72,183.12,2019-02-19,19:24,Cash,174.4,4.761904762,8.72,8.3,2019-02-19 19:24:00,2019,2,February,19,Tuesday,19,False,Evening,22.89,4.76,Medium,High
534-53-3526,A,Yangon,Normal,Female,Sports and travel,94.76,4,18.952,397.992,2019-02-11,16:06,Ewallet,379.04,4.761904762,18.952,7.8,2019-02-11 16:06:00,2019,2,February,11,Monday,16,False,Afternoon,99.5,4.76,High,Medium
307-04-2070,A,Yangon,Member,Female,Fashion accessories,30.62,1,1.531,32.151,2019-02-05,14:14,Credit card,30.62,4.761904762,1.531,4.1,2019-02-05 14:14:00,2019,2,February,5,Tuesday,14,False,Afternoon,32.15,4.76,Low,Low
468-99-7231,C,Naypyitaw,Normal,Female,Home and lifestyle,44.01,8,17.604,369.684,2019-03-03,17:36,Cash,352.08,4.761904762,17.604,8.8,2019-03-03 17:36:00,2019,3,March,3,Sunday,17,True,Evening,46.21,4.76,Medium,High
516-77-6464,C,Naypyitaw,Member,Female,Health and beauty,10.16,5,2.54,53.34,2019-02-24,13:08,Ewallet,50.8,4.761904762,2.54,4.1,2019-02-24 13:08:00,2019,2,February,24,Sunday,13,True,Afternoon,10.67,4.76,Low,Low
404-91-5964,A,Yangon,Normal,Male,Electronic accessories,74.58,7,26.103,548.163,2019-02-04,16:09,Credit card,522.06,4.761904762,26.103,9.0,2019-02-04 16:09:00,2019,2,February,4,Monday,16,False,Afternoon,78.31,4.76,High,High
886-77-9084,C,Naypyitaw,Normal,Male,Electronic accessories,71.89,8,28.756,603.876,2019-02-19,11:33,Ewallet,575.12,4.761904762,28.756,5.5,2019-02-19 11:33:00,2019,2,February,19,Tuesday,11,False,Morning,75.48,4.76,High,Low
790-38-4466,C,Naypyitaw,Normal,Female,Health and beauty,10.99,5,2.7475,57.6975,2019-01-23,10:18,Credit card,54.95,4.761904762,2.7475,9.3,2019-01-23 10:18:00,2019,1,January,23,Wednesday,10,False,Morning,11.54,4.76,Low,High
704-10-4056,C,Naypyitaw,Member,Male,Health and beauty,60.47,3,9.0705,190.4805,2019-01-14,10:55,Credit card,181.41,4.761904762,9.0705,5.6,2019-01-14 10:55:00,2019,1,January,14,Monday,10,False,Morning,63.49,4.76,Medium,Low
497-37-6538,A,Yangon,Normal,Male,Sports and travel,58.91,7,20.6185,432.9885,2019-01-17,15:15,Ewallet,412.37,4.761904762,20.6185,9.7,2019-01-17 15:15:00,2019,1,January,17,Thursday,15,False,Afternoon,61.86,4.76,High,High
651-96-5970,A,Yangon,Normal,Male,Fashion accessories,46.41,1,2.3205,48.7305,2019-03-03,20:06,Credit card,46.41,4.761904762,2.3205,4.0,2019-03-03 20:06:00,2019,3,March,3,Sunday,20,True,Evening,48.73,4.76,Low,Low
400-80-4065,C,Naypyitaw,Member,Male,Health and beauty,68.55,4,13.71,287.91,2019-02-15,20:21,Credit card,274.2,4.761904762,13.71,9.2,2019-02-15 20:21:00,2019,2,February,15,Friday,20,False,Evening,71.98,4.76,Medium,High
744-16-7898,B,Mandalay,Normal,Female,Home and lifestyle,97.37,10,48.685,1022.385,2019-01-15,13:48,Credit card,973.7,4.761904762,48.685,4.9,2019-01-15 13:48:00,2019,1,January,15,Tuesday,13,False,Afternoon,102.24,4.76,High,Low
263-12-5321,A,Yangon,Member,Male,Electronic accessories,92.6,7,32.41,680.61,2019-02-27,12:52,Credit card,648.2,4.761904762,32.41,9.3,2019-02-27 12:52:00,2019,2,February,27,Wednesday,12,False,Afternoon,97.23,4.76,High,High
702-72-0487,A,Yangon,Normal,Female,Electronic accessories,46.61,2,4.661,97.881,2019-02-26,12:28,Credit card,93.22,4.761904762,4.661,6.6,2019-02-26 12:28:00,2019,2,February,26,Tuesday,12,False,Afternoon,48.94,4.76,Low,Medium
605-83-1050,B,Mandalay,Normal,Male,Fashion accessories,27.18,2,2.718,57.078,2019-03-15,16:26,Ewallet,54.36,4.761904762,2.718,4.3,2019-03-15 16:26:00,2019,3,March,15,Friday,16,False,Afternoon,28.54,4.76,Low,Low
443-60-9639,C,Naypyitaw,Member,Female,Home and lifestyle,60.87,1,3.0435,63.9135,2019-01-24,13:24,Cash,60.87,4.761904762,3.0435,5.5,2019-01-24 13:24:00,2019,1,January,24,Thursday,13,False,Afternoon,63.91,4.76,Low,Low
864-24-7918,A,Yangon,Member,Female,Sports and travel,24.49,10,12.245,257.145,2019-02-22,15:15,Cash,244.9,4.761904762,12.245,8.1,2019-02-22 15:15:00,2019,2,February,22,Friday,15,False,Afternoon,25.71,4.76,Medium,High
359-94-5395,B,Mandalay,Normal,Male,Health and beauty,92.78,1,4.639,97.419,2019-03-15,10:50,Credit card,92.78,4.761904762,4.639,9.8,2019-03-15 10:50:00,2019,3,March,15,Friday,10,False,Morning,97.42,4.76,Low,High
401-09-4232,C,Naypyitaw,Member,Male,Home and lifestyle,86.69,5,21.6725,455.1225,2019-02-11,18:38,Ewallet,433.45,4.761904762,21.6725,9.4,2019-02-11 18:38:00,2019,2,February,11,Monday,18,False,Evening,91.02,4.76,High,High
751-15-6198,B,Mandalay,Normal,Male,Sports and travel,23.01,6,6.903,144.963,2019-01-12,16:45,Ewallet,138.06,4.761904762,6.903,7.9,2019-01-12 16:45:00,2019,1,January,12,Saturday,16,True,Afternoon,24.16,4.76,Low,Medium
324-41-6833,C,Naypyitaw,Member,Female,Electronic accessories,30.2,8,12.08,253.68,2019-03-03,19:30,Ewallet,241.6,4.761904762,12.08,5.1,2019-03-03 19:30:00,2019,3,March,3,Sunday,19,True,Evening,31.71,4.76,Medium,Low
474-33-8305,C,Naypyitaw,Member,Male,Fashion accessories,67.39,7,23.5865,495.3165,2019-03-23,13:23,Ewallet,471.73,4.761904762,23.5865,6.9,2019-03-23 13:23:00,2019,3,March,23,Saturday,13,True,Afternoon,70.76,4.76,High,Medium
759-29-9521,A,Yangon,Member,Female,Fashion accessories,48.96,9,22.032,462.672,2019-03-04,11:27,Cash,440.64,4.761904762,22.032,8.0,2019-03-04 11:27:00,2019,3,March,4,Monday,11,False,Morning,51.41,4.76,High,Medium
831-81-6575,B,Mandalay,Member,Female,Electronic accessories,75.59,9,34.0155,714.3255,2019-02-23,11:12,Cash,680.31,4.761904762,34.0155,8.0,2019-02-23 11:12:00,2019,2,February,23,Saturday,11,True,Morning,79.37,4.76,High,Medium
220-68-6701,A,Yangon,Normal,Female,Home and lifestyle,77.47,4,15.494,325.374,2019-03-17,16:36,Cash,309.88,4.761904762,15.494,4.2,2019-03-17 16:36:00,2019,3,March,17,Sunday,16,True,Afternoon,81.34,4.76,Medium,Low
618-34-8551,A,Yangon,Normal,Female,Sports and travel,93.18,2,9.318,195.678,2019-01-16,18:41,Credit card,186.36,4.761904762,9.318,8.5,2019-01-16 18:41:00,2019,1,January,16,Wednesday,18,False,Evening,97.84,4.76,Medium,High
257-60-7754,A,Yangon,Normal,Female,Electronic accessories,50.23,4,10.046,210.966,2019-01-08,17:12,Cash,200.92,4.761904762,10.046,9.0,2019-01-08 17:12:00,2019,1,January,8,Tuesday,17,False,Evening,52.74,4.76,Medium,High
559-61-5987,B,Mandalay,Normal,Female,Health and beauty,17.75,1,0.8875,18.6375,2019-01-14,10:38,Cash,17.75,4.761904762,0.8875,8.6,2019-01-14 10:38:00,2019,1,January,14,Monday,10,False,Morning,18.64,4.76,Low,High
189-55-2313,C,Naypyitaw,Normal,Female,Fashion accessories,62.18,10,31.09,652.89,2019-01-31,10:33,Ewallet,621.8,4.761904762,31.09,6.0,2019-01-31 10:33:00,2019,1,January,31,Thursday,10,False,Morning,65.29,4.76,High,Low
565-91-4567,B,Mandalay,Normal,Male,Health and beauty,10.75,8,4.3,90.3,2019-03-15,14:38,Ewallet,86.0,4.761904762,4.3,6.2,2019-03-15 14:38:00,2019,3,March,15,Friday,14,False,Afternoon,11.29,4.76,Low,Medium
380-60-5336,A,Yangon,Normal,Female,Electronic accessories,40.26,10,20.13,422.73,2019-02-24,18:06,Credit card,402.6,4.761904762,20.13,5.0,2019-02-24 18:06:00,2019,2,February,24,Sunday,18,True,Evening,42.27,4.76,High,Low
815-04-6282,C,Naypyitaw,Member,Female,Sports and travel,64.97,5,16.2425,341.0925,2019-02-08,12:52,Credit card,324.85,4.761904762,16.2425,6.5,2019-02-08 12:52:00,2019,2,February,8,Friday,12,False,Afternoon,68.22,4.76,Medium,Medium
674-56-6360,A,Yangon,Normal,Male,Electronic accessories,95.15,1,4.7575,99.9075,2019-03-22,14:00,Cash,95.15,4.761904762,4.7575,6.0,2019-03-22 14:00:00,2019,3,March,22,Friday,14,False,Afternoon,99.91,4.76,Low,Low
778-34-2523,A,Yangon,Member,Female,Electronic accessories,48.62,8,19.448,408.408,2019-01-24,10:57,Cash,388.96,4.761904762,19.448,5.0,2019-01-24 10:57:00,2019,1,January,24,Thursday,10,False,Morning,51.05,4.76,High,Low
499-27-7781,B,Mandalay,Normal,Female,Food and beverages,53.21,8,21.284,446.964,2019-03-14,16:45,Ewallet,425.68,4.761904762,21.284,5.0,2019-03-14 16:45:00,2019,3,March,14,Thursday,16,False,Afternoon,55.87,4.76,High,Low
477-59-2456,C,Naypyitaw,Normal,Female,Fashion accessories,45.44,7,15.904,333.984,2019-01-23,11:15,Cash,318.08,4.761904762,15.904,9.2,2019-01-23 11:15:00,2019,1,January,23,Wednesday,11,False,Morning,47.71,4.76,Medium,High
832-51-6761,A,Yangon,Normal,Male,Food and beverages,33.88,8,13.552,284.592,2019-01-19,20:29,Ewallet,271.04,4.761904762,13.552,9.6,2019-01-19 20:29:00,2019,1,January,19,Saturday,20,True,Evening,35.57,4.76,Medium,High
869-11-3082,B,Mandalay,Member,Male,Health and beauty,96.16,4,19.232,403.872,2019-01-27,20:03,Credit card,384.64,4.761904762,19.232,8.4,2019-01-27 20:03:00,2019,1,January,27,Sunday,20,True,Evening,100.97,4.76,High,High
190-59-3964,B,Mandalay,Member,Male,Food and beverages,47.16,5,11.79,247.59,2019-02-03,14:35,Credit card,235.8,4.761904762,11.79,6.0,2019-02-03 14:35:00,2019,2,February,3,Sunday,14,True,Afternoon,49.52,4.76,Medium,Low
366-43-6862,B,Mandalay,Normal,Male,Electronic accessories,52.89,4,10.578,222.138,2019-03-25,16:32,Ewallet,211.56,4.761904762,10.578,6.7,2019-03-25 16:32:00,2019,3,March,25,Monday,16,False,Afternoon,55.53,4.76,Medium,Medium
186-43-8965,A,Yangon,Member,Female,Home and lifestyle,47.68,2,4.768,100.128,2019-02-24,10:10,Credit card,95.36,4.761904762,4.768,4.1,2019-02-24 10:10:00,2019,2,February,24,Sunday,10,True,Morning,50.06,4.76,Low,Low
784-21-9238,C,Naypyitaw,Member,Male,Sports and travel,10.17,1,0.5085,10.6785,2019-02-07,14:15,Cash,10.17,4.761904762,0.5085,5.9,2019-02-07 14:15:00,2019,2,February,7,Thursday,14,False,Afternoon,10.68,4.76,Low,Low
276-75-6884,A,Yangon,Normal,Female,Health and beauty,68.71,3,10.3065,216.4365,2019-03-04,10:05,Cash,206.13,4.761904762,10.3065,8.7,2019-03-04 10:05:00,2019,3,March,4,Monday,10,False,Morning,72.15,4.76,Medium,High
109-86-4363,B,Mandalay,Member,Female,Sports and travel,60.08,7,21.028,441.588,2019-02-14,11:36,Credit card,420.56,4.761904762,21.028,4.5,2019-02-14 11:36:00,2019,2,February,14,Thursday,11,False,Morning,63.08,4.76,High,Low
569-76-2760,A,Yangon,Member,Female,Sports and travel,22.01,4,4.402,92.442,2019-01-29,18:15,Credit card,88.04,4.761904762,4.402,6.6,2019-01-29 18:15:00,2019,1,January,29,Tuesday,18,False,Evening,23.11,4.76,Low,Medium
222-42-0244,B,Mandalay,Member,Female,Health and beauty,72.11,9,32.4495,681.4395,2019-01-28,13:53,Credit card,648.99,4.761904762,32.4495,7.7,2019-01-28 13:53:00,2019,1,January,28,Monday,13,False,Afternoon,75.72,4.76,High,Medium
760-53-9233,A,Yangon,Member,Male,Fashion accessories,41.28,3,6.192,130.032,2019-03-26,18:37,Credit card,123.84,4.761904762,6.192,8.5,2019-03-26 18:37:00,2019,3,March,26,Tuesday,18,False,Evening,43.34,4.76,Low,High
538-22-0304,C,Naypyitaw,Normal,Male,Electronic accessories,64.95,10,32.475,681.975,2019-03-24,18:27,Cash,649.5,4.761904762,32.475,5.2,2019-03-24 18:27:00,2019,3,March,24,Sunday,18,True,Evening,68.2,4.76,High,Low
416-17-9926,A,Yangon,Member,Female,Electronic accessories,74.22,10,37.11,779.31,2019-01-01,14:42,Credit card,742.2,4.761904762,37.11,4.3,2019-01-01 14:42:00,2019,1,January,1,Tuesday,14,False,Afternoon,77.93,4.76,High,Low
237-44-6163,A,Yangon,Normal,Male,Electronic accessories,10.56,8,4.224,88.704,2019-01-24,17:43,Cash,84.48,4.761904762,4.224,7.6,2019-01-24 17:43:00,2019,1,January,24,Thursday,17,False,Evening,11.09,4.76,Low,Medium
636-17-0325,B,Mandalay,Normal,Male,Health and beauty,62.57,4,12.514,262.794,2019-02-25,18:37,Cash,250.28,4.761904762,12.514,9.5,2019-02-25 18:37:00,2019,2,February,25,Monday,18,False,Evening,65.7,4.76,Medium,High
343-75-9322,B,Mandalay,Member,Female,Sports and travel,11.85,8,4.74,99.54,2019-01-09,16:34,Cash,94.8,4.761904762,4.74,4.1,2019-01-09 16:34:00,2019,1,January,9,Wednesday,16,False,Afternoon,12.44,4.76,Low,Low
528-14-9470,A,Yangon,Member,Male,Health and beauty,91.3,1,4.565,95.865,2019-02-14,14:42,Ewallet,91.3,4.761904762,4.565,9.2,2019-02-14 14:42:00,2019,2,February,14,Thursday,14,False,Afternoon,95.86,4.76,Low,High
427-45-9297,B,Mandalay,Member,Female,Home and lifestyle,40.73,7,14.2555,299.3655,2019-03-12,11:01,Ewallet,285.11,4.761904762,14.2555,5.4,2019-03-12 11:01:00,2019,3,March,12,Tuesday,11,False,Morning,42.77,4.76,Medium,Low
807-34-3742,A,Yangon,Normal,Male,Fashion accessories,52.38,1,2.619,54.999,2019-03-26,19:44,Cash,52.38,4.761904762,2.619,5.8,2019-03-26 19:44:00,2019,3,March,26,Tuesday,19,False,Evening,55.0,4.76,Low,Low
288-62-1085,A,Yangon,Member,Male,Fashion accessories,38.54,5,9.635,202.335,2019-01-09,13:34,Ewallet,192.7,4.761904762,9.635,5.6,2019-01-09 13:34:00,2019,1,January,9,Wednesday,13,False,Afternoon,40.47,4.76,Medium,Low
670-71-7306,B,Mandalay,Normal,Male,Sports and travel,44.63,6,13.389,281.169,2019-01-02,20:08,Credit card,267.78,4.761904762,13.389,5.1,2019-01-02 20:08:00,2019,1,January,2,Wednesday,20,False,Evening,46.86,4.76,Medium,Low
660-29-7083,C,Naypyitaw,Normal,Male,Electronic accessories,55.87,10,27.935,586.635,2019-01-15,15:01,Cash,558.7,4.761904762,27.935,5.8,2019-01-15 15:01:00,2019,1,January,15,Tuesday,15,False,Afternoon,58.66,4.76,High,Low
271-77-8740,C,Naypyitaw,Member,Female,Sports and travel,29.22,6,8.766,184.086,2019-01-01,11:40,Ewallet,175.32,4.761904762,8.766,5.0,2019-01-01 11:40:00,2019,1,January,1,Tuesday,11,False,Morning,30.68,4.76,Medium,Low
497-36-0989,A,Yangon,Normal,Male,Fashion accessories,51.94,3,7.791,163.611,2019-02-15,15:21,Cash,155.82,4.761904762,7.791,7.9,2019-02-15 15:21:00,2019,2,February,15,Friday,15,False,Afternoon,54.54,4.76,Low,Medium
291-59-1384,B,Mandalay,Normal,Male,Electronic accessories,60.3,1,3.015,63.315,2019-02-28,17:38,Cash,60.3,4.761904762,3.015,6.0,2019-02-28 17:38:00,2019,2,February,28,Thursday,17,False,Evening,63.32,4.76,Low,Low
860-73-6466,A,Yangon,Member,Female,Sports and travel,39.47,2,3.947,82.887,2019-03-02,16:16,Credit card,78.94,4.761904762,3.947,5.0,2019-03-02 16:16:00,2019,3,March,2,Saturday,16,True,Afternoon,41.44,4.76,Low,Low
549-23-9016,C,Naypyitaw,Member,Female,Food and beverages,14.87,2,1.487,31.227,2019-02-13,18:15,Credit card,29.74,4.761904762,1.487,8.9,2019-02-13 18:15:00,2019,2,February,13,Wednesday,18,False,Evening,15.61,4.76,Low,High
896-34-0956,A,Yangon,Normal,Male,Fashion accessories,21.32,1,1.066,22.386,2019-01-26,12:43,Cash,21.32,4.761904762,1.066,5.9,2019-01-26 12:43:00,2019,1,January,26,Saturday,12,True,Afternoon,22.39,4.76,Low,Low
804-38-3935,A,Yangon,Member,Male,Electronic accessories,93.78,3,14.067,295.407,2019-01-30,11:32,Credit card,281.34,4.761904762,14.067,5.9,2019-01-30 11:32:00,2019,1,January,30,Wednesday,11,False,Morning,98.47,4.76,Medium,Low
585-90-0249,A,Yangon,Member,Male,Electronic accessories,73.26,1,3.663,76.923,2019-01-27,18:08,Ewallet,73.26,4.761904762,3.663,9.7,2019-01-27 18:08:00,2019,1,January,27,Sunday,18,True,Evening,76.92,4.76,Low,High
862-29-5914,C,Naypyitaw,Normal,Female,Sports and travel,22.38,1,1.119,23.499,2019-01-30,17:08,Credit card,22.38,4.761904762,1.119,8.6,2019-01-30 17:08:00,2019,1,January,30,Wednesday,17,False,Evening,23.5,4.76,Low,High
845-94-6841,C,Naypyitaw,Member,Female,Food and beverages,72.88,9,32.796,688.716,2019-01-08,19:38,Cash,655.92,4.761904762,32.796,4.0,2019-01-08 19:38:00,2019,1,January,8,Tuesday,19,False,Evening,76.52,4.76,High,Low
125-45-2293,A,Yangon,Normal,Female,Fashion accessories,99.1,6,29.73,624.33,2019-01-19,13:11,Cash,594.6,4.761904762,29.73,4.2,2019-01-19 13:11:00,2019,1,January,19,Saturday,13,True,Afternoon,104.06,4.76,High,Low
843-73-4724,A,Yangon,Normal,Male,Fashion accessories,74.1,1,3.705,77.805,2019-01-25,11:05,Cash,74.1,4.761904762,3.705,9.2,2019-01-25 11:05:00,2019,1,January,25,Friday,11,False,Morning,77.81,4.76,Low,High
409-33-9708,A,Yangon,Normal,Female,Fashion accessories,98.48,2,9.848,206.808,2019-02-19,10:12,Ewallet,196.96,4.761904762,9.848,9.2,2019-02-19 10:12:00,2019,2,February,19,Tuesday,10,False,Morning,103.4,4.76,Medium,High
658-66-3967,C,Naypyitaw,Normal,Male,Health and beauty,53.19,7,18.6165,390.9465,2019-01-14,15:42,Ewallet,372.33,4.761904762,18.6165,5.0,2019-01-14 15:42:00,2019,1,January,14,Monday,15,False,Afternoon,55.85,4.76,Medium,Low
866-70-2814,B,Mandalay,Normal,Female,Electronic accessories,52.79,10,26.395,554.295,2019-02-25,11:58,Ewallet,527.9,4.761904762,26.395,10.0,2019-02-25 11:58:00,2019,2,February,25,Monday,11,False,Morning,55.43,4.76,High,High
160-22-2687,A,Yangon,Member,Female,Health and beauty,95.95,5,23.9875,503.7375,2019-01-23,14:21,Ewallet,479.75,4.761904762,23.9875,8.8,2019-01-23 14:21:00,2019,1,January,23,Wednesday,14,False,Afternoon,100.75,4.76,High,High
895-03-6665,B,Mandalay,Normal,Female,Fashion accessories,36.51,9,16.4295,345.0195,2019-02-16,10:52,Cash,328.59,4.761904762,16.4295,4.2,2019-02-16 10:52:00,2019,2,February,16,Saturday,10,True,Morning,38.34,4.76,Medium,Low
770-42-8960,B,Mandalay,Normal,Male,Food and beverages,21.12,8,8.448,177.408,2019-01-01,19:31,Cash,168.96,4.761904762,8.448,6.3,2019-01-01 19:31:00,2019,1,January,1,Tuesday,19,False,Evening,22.18,4.76,Medium,Medium
748-45-2862,A,Yangon,Member,Female,Home and lifestyle,28.31,4,5.662,118.902,2019-03-07,18:35,Cash,113.24,4.761904762,5.662,8.2,2019-03-07 18:35:00,2019,3,March,7,Thursday,18,False,Evening,29.73,4.76,Low,High
234-36-2483,B,Mandalay,Normal,Male,Health and beauty,57.59,6,17.277,362.817,2019-02-15,13:51,Cash,345.54,4.761904762,17.277,5.1,2019-02-15 13:51:00,2019,2,February,15,Friday,13,False,Afternoon,60.47,4.76,Medium,Low
316-66-3011,A,Yangon,Member,Female,Food and beverages,47.63,9,21.4335,450.1035,2019-01-23,12:35,Cash,428.67,4.761904762,21.4335,5.0,2019-01-23 12:35:00,2019,1,January,23,Wednesday,12,False,Afternoon,50.01,4.76,High,Low
848-95-6252,C,Naypyitaw,Member,Female,Home and lifestyle,86.27,1,4.3135,90.5835,2019-02-20,13:24,Ewallet,86.27,4.761904762,4.3135,7.0,2019-02-20 13:24:00,2019,2,February,20,Wednesday,13,False,Afternoon,90.58,4.76,Low,Medium
840-76-5966,A,Yangon,Member,Male,Sports and travel,12.76,2,1.276,26.796,2019-01-08,18:06,Ewallet,25.52,4.761904762,1.276,7.8,2019-01-08 18:06:00,2019,1,January,8,Tuesday,18,False,Evening,13.4,4.76,Low,Medium
152-03-4217,B,Mandalay,Normal,Female,Home and lifestyle,11.28,9,5.076,106.596,2019-03-17,11:55,Credit card,101.52,4.761904762,5.076,4.3,2019-03-17 11:55:00,2019,3,March,17,Sunday,11,True,Morning,11.84,4.76,Low,Low
533-66-5566,B,Mandalay,Normal,Female,Home and lifestyle,51.07,7,17.8745,375.3645,2019-01-12,11:42,Cash,357.49,4.761904762,17.8745,7.0,2019-01-12 11:42:00,2019,1,January,12,Saturday,11,True,Morning,53.62,4.76,Medium,Medium
124-31-1458,A,Yangon,Member,Female,Electronic accessories,79.59,3,11.9385,250.7085,2019-01-08,14:30,Cash,238.77,4.761904762,11.9385,6.6,2019-01-08 14:30:00,2019,1,January,8,Tuesday,14,False,Afternoon,83.57,4.76,Medium,Medium
176-78-1170,C,Naypyitaw,Member,Male,Health and beauty,33.81,3,5.0715,106.5015,2019-01-26,15:11,Ewallet,101.43,4.761904762,5.0715,7.3,2019-01-26 15:11:00,2019,1,January,26,Saturday,15,True,Afternoon,35.5,4.76,Low,Medium
361-59-0574,B,Mandalay,Member,Male,Sports and travel,90.53,8,36.212,760.452,2019-03-15,14:48,Credit card,724.24,4.761904762,36.212,6.5,2019-03-15 14:48:00,2019,3,March,15,Friday,14,False,Afternoon,95.06,4.76,High,Medium
101-81-4070,C,Naypyitaw,Member,Female,Health and beauty,62.82,2,6.282,131.922,2019-01-17,12:36,Ewallet,125.64,4.761904762,6.282,4.9,2019-01-17 12:36:00,2019,1,January,17,Thursday,12,False,Afternoon,65.96,4.76,Low,Low
631-34-1880,C,Naypyitaw,Member,Male,Food and beverages,24.31,3,3.6465,76.5765,2019-01-08,19:09,Credit card,72.93,4.761904762,3.6465,4.3,2019-01-08 19:09:00,2019,1,January,8,Tuesday,19,False,Evening,25.53,4.76,Low,Low
852-82-2749,A,Yangon,Normal,Male,Sports and travel,64.59,4,12.918,271.278,2019-01-06,13:35,Ewallet,258.36,4.761904762,12.918,9.3,2019-01-06 13:35:00,2019,1,January,6,Sunday,13,True,Afternoon,67.82,4.76,Medium,High
873-14-6353,A,Yangon,Member,Male,Food and beverages,24.82,7,8.687,182.427,2019-02-16,10:33,Credit card,173.74,4.761904762,8.687,7.1,2019-02-16 10:33:00,2019,2,February,16,Saturday,10,True,Morning,26.06,4.76,Medium,Medium
584-66-4073,C,Naypyitaw,Normal,Male,Fashion accessories,56.5,1,2.825,59.325,2019-03-13,15:45,Ewallet,56.5,4.761904762,2.825,9.6,2019-03-13 15:45:00,2019,3,March,13,Wednesday,15,False,Afternoon,59.32,4.76,Low,High
544-55-9589,B,Mandalay,Member,Female,Electronic accessories,21.43,10,10.715,225.015,2019-01-28,11:51,Cash,214.3,4.761904762,10.715,6.2,2019-01-28 11:51:00,2019,1,January,28,Monday,11,False,Morning,22.5,4.76,Medium,Medium
166-19-2553,A,Yangon,Member,Male,Sports and travel,89.06,6,26.718,561.078,2019-01-18,17:26,Cash,534.36,4.761904762,26.718,9.9,2019-01-18 17:26:00,2019,1,January,18,Friday,17,False,Evening,93.51,4.76,High,High
737-88-5876,A,Yangon,Member,Male,Home and lifestyle,23.29,4,4.658,97.818,2019-03-19,11:52,Credit card,93.16,4.761904762,4.658,5.9,2019-03-19 11:52:00,2019,3,March,19,Tuesday,11,False,Morning,24.45,4.76,Low,Low
154-87-7367,C,Naypyitaw,Normal,Male,Home and lifestyle,65.26,8,26.104,548.184,2019-03-15,14:04,Ewallet,522.08,4.761904762,26.104,6.3,2019-03-15 14:04:00,2019,3,March,15,Friday,14,False,Afternoon,68.52,4.76,High,Medium
885-56-0389,C,Naypyitaw,Member,Male,Fashion accessories,52.35,1,2.6175,54.9675,2019-02-12,17:49,Cash,52.35,4.761904762,2.6175,4.0,2019-02-12 17:49:00,2019,2,February,12,Tuesday,17,False,Evening,54.97,4.76,Low,Low
608-05-3804,B,Mandalay,Member,Male,Electronic accessories,39.75,1,1.9875,41.7375,2019-02-25,20:19,Cash,39.75,4.761904762,1.9875,6.1,2019-02-25 20:19:00,2019,2,February,25,Monday,20,False,Evening,41.74,4.76,Low,Medium
448-61-3783,A,Yangon,Normal,Female,Electronic accessories,90.02,8,36.008,756.168,2019-03-21,16:08,Credit card,720.16,4.761904762,36.008,4.5,2019-03-21 16:08:00,2019,3,March,21,Thursday,16,False,Afternoon,94.52,4.76,High,Low
761-49-0439,B,Mandalay,Member,Female,Electronic accessories,12.1,8,4.84,101.64,2019-01-19,10:17,Ewallet,96.8,4.761904762,4.84,8.6,2019-01-19 10:17:00,2019,1,January,19,Saturday,10,True,Morning,12.7,4.76,Low,High
490-95-0021,B,Mandalay,Member,Female,Food and beverages,33.21,10,16.605,348.705,2019-01-08,14:25,Ewallet,332.1,4.761904762,16.605,6.0,2019-01-08 14:25:00,2019,1,January,8,Tuesday,14,False,Afternoon,34.87,4.76,Medium,Low
115-38-7388,C,Naypyitaw,Member,Female,Fashion accessories,10.18,8,4.072,85.512,2019-03-30,12:51,Credit card,81.44,4.761904762,4.072,9.5,2019-03-30 12:51:00,2019,3,March,30,Saturday,12,True,Afternoon,10.69,4.76,Low,High
311-13-6971,B,Mandalay,Member,Male,Sports and travel,31.99,10,15.995,335.895,2019-02-20,15:18,Credit card,319.9,4.761904762,15.995,9.9,2019-02-20 15:18:00,2019,2,February,20,Wednesday,15,False,Afternoon,33.59,4.76,Medium,High
291-55-6563,A,Yangon,Member,Female,Home and lifestyle,34.42,6,10.326,216.846,2019-03-30,12:45,Ewallet,206.52,4.761904762,10.326,7.5,2019-03-30 12:45:00,2019,3,March,30,Saturday,12,True,Afternoon,36.14,4.76,Medium,Medium
548-48-3156,A,Yangon,Member,Female,Food and beverages,83.34,2,8.334,175.014,2019-03-19,13:37,Cash,166.68,4.761904762,8.334,7.6,2019-03-19 13:37:00,2019,3,March,19,Tuesday,13,False,Afternoon,87.51,4.76,Medium,Medium
460-93-5834,A,Yangon,Normal,Male,Sports and travel,45.58,7,15.953,335.013,2019-01-13,10:03,Cash,319.06,4.761904762,15.953,5.0,2019-01-13 10:03:00,2019,1,January,13,Sunday,10,True,Morning,47.86,4.76,Medium,Low
325-89-4209,A,Yangon,Member,Male,Food and beverages,87.9,1,4.395,92.295,2019-02-05,19:42,Ewallet,87.9,4.761904762,4.395,6.7,2019-02-05 19:42:00,2019,2,February,5,Tuesday,19,False,Evening,92.3,4.76,Low,Medium
884-80-6021,A,Yangon,Member,Female,Electronic accessories,73.47,10,36.735,771.435,2019-03-23,13:14,Ewallet,734.7,4.761904762,36.735,9.5,2019-03-23 13:14:00,2019,3,March,23,Saturday,13,True,Afternoon,77.14,4.76,High,High
137-74-8729,C,Naypyitaw,Normal,Female,Fashion accessories,12.19,8,4.876,102.396,2019-03-13,12:47,Ewallet,97.52,4.761904762,4.876,6.8,2019-03-13 12:47:00,2019,3,March,13,Wednesday,12,False,Afternoon,12.8,4.76,Low,Medium
880-46-5796,A,Yangon,Member,Male,Sports and travel,76.92,10,38.46,807.66,2019-03-17,19:53,Ewallet,769.2,4.761904762,38.46,5.6,2019-03-17 19:53:00,2019,3,March,17,Sunday,19,True,Evening,80.77,4.76,High,Low
389-70-2397,C,Naypyitaw,Normal,Female,Health and beauty,83.66,5,20.915,439.215,2019-02-21,10:26,Cash,418.3,4.761904762,20.915,7.2,2019-02-21 10:26:00,2019,2,February,21,Thursday,10,False,Morning,87.84,4.76,High,Medium
114-35-5271,B,Mandalay,Normal,Female,Electronic accessories,57.91,8,23.164,486.444,2019-02-07,15:06,Cash,463.28,4.761904762,23.164,8.1,2019-02-07 15:06:00,2019,2,February,7,Thursday,15,False,Afternoon,60.81,4.76,High,High
607-76-6216,C,Naypyitaw,Member,Female,Fashion accessories,92.49,5,23.1225,485.5725,2019-03-02,16:35,Credit card,462.45,4.761904762,23.1225,8.6,2019-03-02 16:35:00,2019,3,March,2,Saturday,16,True,Afternoon,97.11,4.76,High,High
715-20-1673,B,Mandalay,Normal,Male,Electronic accessories,28.38,5,7.095,148.995,2019-03-06,20:57,Cash,141.9,4.761904762,7.095,9.4,2019-03-06 20:57:00,2019,3,March,6,Wednesday,20,False,Evening,29.8,4.76,Low,High
811-35-1094,B,Mandalay,Member,Male,Electronic accessories,50.45,6,15.135,317.835,2019-02-06,15:16,Credit card,302.7,4.761904762,15.135,8.9,2019-02-06 15:16:00,2019,2,February,6,Wednesday,15,False,Afternoon,52.97,4.76,Medium,High
699-88-1972,B,Mandalay,Normal,Male,Health and beauty,99.16,8,39.664,832.944,2019-01-28,17:47,Credit card,793.28,4.761904762,39.664,4.2,2019-01-28 17:47:00,2019,1,January,28,Monday,17,False,Evening,104.12,4.76,High,Low
781-84-8059,C,Naypyitaw,Normal,Male,Fashion accessories,60.74,7,21.259,446.439,2019-01-18,16:23,Ewallet,425.18,4.761904762,21.259,5.0,2019-01-18 16:23:00,2019,1,January,18,Friday,16,False,Afternoon,63.78,4.76,High,Low
409-49-6995,C,Naypyitaw,Member,Female,Food and beverages,47.27,6,14.181,297.801,2019-02-05,10:17,Cash,283.62,4.761904762,14.181,8.8,2019-02-05 10:17:00,2019,2,February,5,Tuesday,10,False,Morning,49.63,4.76,Medium,High
725-54-0677,C,Naypyitaw,Member,Male,Health and beauty,85.6,7,29.96,629.16,2019-03-02,13:50,Cash,599.2,4.761904762,29.96,5.3,2019-03-02 13:50:00,2019,3,March,2,Saturday,13,True,Afternoon,89.88,4.76,High,Low
146-09-5432,A,Yangon,Member,Male,Food and beverages,35.04,9,15.768,331.128,2019-02-09,19:17,Ewallet,315.36,4.761904762,15.768,4.6,2019-02-09 19:17:00,2019,2,February,9,Saturday,19,True,Evening,36.79,4.76,Medium,Low
377-79-7592,C,Naypyitaw,Member,Female,Electronic accessories,44.84,9,20.178,423.738,2019-01-14,14:00,Credit card,403.56,4.761904762,20.178,7.5,2019-01-14 14:00:00,2019,1,January,14,Monday,14,False,Afternoon,47.08,4.76,High,Medium
509-10-0516,B,Mandalay,Normal,Male,Home and lifestyle,45.97,4,9.194,193.074,2019-02-09,12:02,Ewallet,183.88,4.761904762,9.194,5.1,2019-02-09 12:02:00,2019,2,February,9,Saturday,12,True,Afternoon,48.27,4.76,Medium,Low
595-94-9924,A,Yangon,Member,Female,Health and beauty,27.73,5,6.9325,145.5825,2019-03-26,20:21,Credit card,138.65,4.761904762,6.9325,4.2,2019-03-26 20:21:00,2019,3,March,26,Tuesday,20,False,Evening,29.12,4.76,Low,Low
865-41-9075,A,Yangon,Normal,Male,Food and beverages,11.53,7,4.0355,84.7455,2019-01-28,17:35,Cash,80.71,4.761904762,4.0355,8.1,2019-01-28 17:35:00,2019,1,January,28,Monday,17,False,Evening,12.11,4.76,Low,High
545-07-8534,C,Naypyitaw,Normal,Female,Health and beauty,58.32,2,5.832,122.472,2019-02-14,12:42,Ewallet,116.64,4.761904762,5.832,6.0,2019-02-14 12:42:00,2019,2,February,14,Thursday,12,False,Afternoon,61.24,4.76,Low,Low
118-62-1812,C,Naypyitaw,Member,Female,Home and lifestyle,78.38,4,15.676,329.196,2019-03-24,17:56,Cash,313.52,4.761904762,15.676,7.9,2019-03-24 17:56:00,2019,3,March,24,Sunday,17,True,Evening,82.3,4.76,Medium,Medium
450-42-3339,C,Naypyitaw,Normal,Male,Health and beauty,84.61,10,42.305,888.405,2019-02-09,18:58,Credit card,846.1,4.761904762,42.305,8.8,2019-02-09 18:58:00,2019,2,February,9,Saturday,18,True,Evening,88.84,4.76,High,High
851-98-3555,B,Mandalay,Normal,Female,Health and beauty,82.88,5,20.72,435.12,2019-03-24,14:08,Credit card,414.4,4.761904762,20.72,6.6,2019-03-24 14:08:00,2019,3,March,24,Sunday,14,True,Afternoon,87.02,4.76,High,Medium
186-71-5196,A,Yangon,Member,Female,Food and beverages,79.54,2,7.954,167.034,2019-03-27,16:30,Ewallet,159.08,4.761904762,7.954,6.2,2019-03-27 16:30:00,2019,3,March,27,Wednesday,16,False,Afternoon,83.52,4.76,Medium,Medium
624-01-8356,B,Mandalay,Normal,Female,Home and lifestyle,49.01,10,24.505,514.605,2019-01-27,10:44,Credit card,490.1,4.761904762,24.505,4.2,2019-01-27 10:44:00,2019,1,January,27,Sunday,10,True,Morning,51.46,4.76,High,Low
313-66-9943,B,Mandalay,Member,Female,Food and beverages,29.15,3,4.3725,91.8225,2019-03-27,20:29,Credit card,87.45,4.761904762,4.3725,7.3,2019-03-27 20:29:00,2019,3,March,27,Wednesday,20,False,Evening,30.61,4.76,Low,Medium
151-27-8496,C,Naypyitaw,Normal,Female,Electronic accessories,56.13,4,11.226,235.746,2019-01-19,11:43,Ewallet,224.52,4.761904762,11.226,8.6,2019-01-19 11:43:00,2019,1,January,19,Saturday,11,True,Morning,58.94,4.76,Medium,High
453-33-6436,A,Yangon,Normal,Female,Home and lifestyle,93.12,8,37.248,782.208,2019-02-07,10:09,Cash,744.96,4.761904762,37.248,6.8,2019-02-07 10:09:00,2019,2,February,7,Thursday,10,False,Morning,97.78,4.76,High,Medium
522-57-8364,A,Yangon,Member,Male,Fashion accessories,51.34,8,20.536,431.256,2019-01-31,10:00,Ewallet,410.72,4.761904762,20.536,7.6,2019-01-31 10:00:00,2019,1,January,31,Thursday,10,False,Morning,53.91,4.76,High,Medium
459-45-2396,A,Yangon,Member,Female,Food and beverages,99.6,3,14.94,313.74,2019-02-25,18:45,Cash,298.8,4.761904762,14.94,5.8,2019-02-25 18:45:00,2019,2,February,25,Monday,18,False,Evening,104.58,4.76,Medium,Low
717-96-4189,C,Naypyitaw,Normal,Female,Electronic accessories,35.49,6,10.647,223.587,2019-02-02,12:40,Cash,212.94,4.761904762,10.647,4.1,2019-02-02 12:40:00,2019,2,February,2,Saturday,12,True,Afternoon,37.26,4.76,Medium,Low
722-13-2115,C,Naypyitaw,Member,Male,Sports and travel,42.85,1,2.1425,44.9925,2019-03-14,15:36,Credit card,42.85,4.761904762,2.1425,9.3,2019-03-14 15:36:00,2019,3,March,14,Thursday,15,False,Afternoon,44.99,4.76,Low,High
749-81-8133,A,Yangon,Normal,Female,Fashion accessories,94.67,4,18.934,397.614,2019-03-11,12:04,Cash,378.68,4.761904762,18.934,6.8,2019-03-11 12:04:00,2019,3,March,11,Monday,12,False,Afternoon,99.4,4.76,High,Medium
777-67-2495,B,Mandalay,Normal,Male,Home and lifestyle,68.97,3,10.3455,217.2555,2019-02-22,11:26,Ewallet,206.91,4.761904762,10.3455,8.7,2019-02-22 11:26:00,2019,2,February,22,Friday,11,False,Morning,72.42,4.76,Medium,High
636-98-3364,B,Mandalay,Member,Female,Electronic accessories,26.26,3,3.939,82.719,2019-03-02,12:36,Ewallet,78.78,4.761904762,3.939,6.3,2019-03-02 12:36:00,2019,3,March,2,Saturday,12,True,Afternoon,27.57,4.76,Low,Medium
246-55-6923,C,Naypyitaw,Member,Female,Home and lifestyle,35.79,9,16.1055,338.2155,2019-03-10,15:06,Credit card,322.11,4.761904762,16.1055,5.1,2019-03-10 15:06:00,2019,3,March,10,Sunday,15,True,Afternoon,37.58,4.76,Medium,Low
181-82-6255,B,Mandalay,Normal,Female,Home and lifestyle,16.37,6,4.911,103.131,2019-02-08,10:58,Cash,98.22,4.761904762,4.911,7.0,2019-02-08 10:58:00,2019,2,February,8,Friday,10,False,Morning,17.19,4.76,Low,Medium
838-02-1821,C,Naypyitaw,Member,Female,Home and lifestyle,12.73,2,1.273,26.733,2019-02-22,12:10,Credit card,25.46,4.761904762,1.273,5.2,2019-02-22 12:10:00,2019,2,February,22,Friday,12,False,Afternoon,13.37,4.76,Low,Low
887-42-0517,C,Naypyitaw,Normal,Female,Sports and travel,83.14,7,29.099,611.079,2019-01-10,10:31,Credit card,581.98,4.761904762,29.099,6.6,2019-01-10 10:31:00,2019,1,January,10,Thursday,10,False,Morning,87.3,4.76,High,Medium
457-12-0244,C,Naypyitaw,Member,Female,Sports and travel,35.22,6,10.566,221.886,2019-03-14,13:49,Ewallet,211.32,4.761904762,10.566,6.5,2019-03-14 13:49:00,2019,3,March,14,Thursday,13,False,Afternoon,36.98,4.76,Medium,Medium
226-34-0034,B,Mandalay,Normal,Female,Electronic accessories,13.78,4,2.756,57.876,2019-01-10,11:10,Ewallet,55.12,4.761904762,2.756,9.0,2019-01-10 11:10:00,2019,1,January,10,Thursday,11,False,Morning,14.47,4.76,Low,High
321-49-7382,B,Mandalay,Member,Male,Sports and travel,88.31,1,4.4155,92.7255,2019-02-15,17:38,Credit card,88.31,4.761904762,4.4155,5.2,2019-02-15 17:38:00,2019,2,February,15,Friday,17,False,Evening,92.73,4.76,Low,Low
397-25-8725,A,Yangon,Member,Female,Health and beauty,39.62,9,17.829,374.409,2019-01-13,17:54,Credit card,356.58,4.761904762,17.829,6.8,2019-01-13 17:54:00,2019,1,January,13,Sunday,17,True,Evening,41.6,4.76,Medium,Medium
431-66-2305,B,Mandalay,Normal,Female,Electronic accessories,88.25,9,39.7125,833.9625,2019-02-15,20:51,Credit card,794.25,4.761904762,39.7125,7.6,2019-02-15 20:51:00,2019,2,February,15,Friday,20,False,Evening,92.66,4.76,High,Medium
825-94-5922,B,Mandalay,Normal,Male,Sports and travel,25.31,2,2.531,53.151,2019-03-02,19:26,Ewallet,50.62,4.761904762,2.531,7.2,2019-03-02 19:26:00,2019,3,March,2,Saturday,19,True,Evening,26.58,4.76,Low,Medium
641-62-7288,B,Mandalay,Normal,Male,Home and lifestyle,99.92,6,29.976,629.496,2019-03-24,13:33,Ewallet,599.52,4.761904762,29.976,7.1,2019-03-24 13:33:00,2019,3,March,24,Sunday,13,True,Afternoon,104.92,4.76,High,Medium
756-93-1854,C,Naypyitaw,Member,Female,Fashion accessories,83.35,2,8.335,175.035,2019-02-02,14:05,Credit card,166.7,4.761904762,8.335,9.5,2019-02-02 14:05:00,2019,2,February,2,Saturday,14,True,Afternoon,87.52,4.76,Medium,High
243-55-8457,A,Yangon,Normal,Female,Food and beverages,74.44,10,37.22,781.62,2019-02-27,11:40,Ewallet,744.4,4.761904762,37.22,5.1,2019-02-27 11:40:00,2019,2,February,27,Wednesday,11,False,Morning,78.16,4.76,High,Low
458-10-8612,C,Naypyitaw,Normal,Male,Health and beauty,64.08,7,22.428,470.988,2019-01-20,12:27,Ewallet,448.56,4.761904762,22.428,7.6,2019-01-20 12:27:00,2019,1,January,20,Sunday,12,True,Afternoon,67.28,4.76,High,Medium
501-61-1753,B,Mandalay,Normal,Female,Home and lifestyle,63.15,6,18.945,397.845,2019-01-03,20:24,Ewallet,378.9,4.761904762,18.945,9.8,2019-01-03 20:24:00,2019,1,January,3,Thursday,20,False,Evening,66.31,4.76,High,High
235-06-8510,C,Naypyitaw,Member,Male,Home and lifestyle,85.72,3,12.858,270.018,2019-01-24,20:59,Ewallet,257.16,4.761904762,12.858,5.1,2019-01-24 20:59:00,2019,1,January,24,Thursday,20,False,Evening,90.01,4.76,Medium,Low
433-08-7822,C,Naypyitaw,Normal,Female,Health and beauty,78.89,7,27.6115,579.8415,2019-01-05,19:48,Ewallet,552.23,4.761904762,27.6115,7.5,2019-01-05 19:48:00,2019,1,January,5,Saturday,19,True,Evening,82.83,4.76,High,Medium
361-85-2571,A,Yangon,Normal,Female,Sports and travel,89.48,5,22.37,469.77,2019-03-30,10:18,Cash,447.4,4.761904762,22.37,7.4,2019-03-30 10:18:00,2019,3,March,30,Saturday,10,True,Morning,93.95,4.76,High,Medium
131-70-8179,A,Yangon,Member,Female,Health and beauty,92.09,3,13.8135,290.0835,2019-02-17,16:27,Cash,276.27,4.761904762,13.8135,4.2,2019-02-17 16:27:00,2019,2,February,17,Sunday,16,True,Afternoon,96.69,4.76,Medium,Low
500-02-2261,C,Naypyitaw,Normal,Female,Food and beverages,57.29,6,17.187,360.927,2019-03-21,17:04,Ewallet,343.74,4.761904762,17.187,5.9,2019-03-21 17:04:00,2019,3,March,21,Thursday,17,False,Evening,60.15,4.76,Medium,Low
720-72-2436,A,Yangon,Normal,Male,Food and beverages,66.52,4,13.304,279.384,2019-03-02,18:14,Ewallet,266.08,4.761904762,13.304,6.9,2019-03-02 18:14:00,2019,3,March,2,Saturday,18,True,Evening,69.85,4.76,Medium,Medium
702-83-5291,C,Naypyitaw,Member,Male,Fashion accessories,99.82,9,44.919,943.299,2019-03-27,10:43,Cash,898.38,4.761904762,44.919,6.6,2019-03-27 10:43:00,2019,3,March,27,Wednesday,10,False,Morning,104.81,4.76,High,Medium
809-69-9497,A,Yangon,Normal,Female,Home and lifestyle,45.68,10,22.84,479.64,2019-01-19,19:30,Ewallet,456.8,4.761904762,22.84,5.7,2019-01-19 19:30:00,2019,1,January,19,Saturday,19,True,Evening,47.96,4.76,High,Low
449-16-6770,A,Yangon,Normal,Male,Health and beauty,50.79,5,12.6975,266.6475,2019-02-19,14:53,Credit card,253.95,4.761904762,12.6975,5.3,2019-02-19 14:53:00,2019,2,February,19,Tuesday,14,False,Afternoon,53.33,4.76,Medium,Low
333-23-2632,A,Yangon,Member,Male,Health and beauty,10.08,7,3.528,74.088,2019-03-28,20:14,Cash,70.56,4.761904762,3.528,4.2,2019-03-28 20:14:00,2019,3,March,28,Thursday,20,False,Evening,10.58,4.76,Low,Low
489-82-1237,A,Yangon,Normal,Female,Electronic accessories,93.88,7,32.858,690.018,2019-01-05,11:51,Credit card,657.16,4.761904762,32.858,7.3,2019-01-05 11:51:00,2019,1,January,5,Saturday,11,True,Morning,98.57,4.76,High,Medium
859-97-6048,C,Naypyitaw,Member,Male,Electronic accessories,84.25,2,8.425,176.925,2019-03-26,14:13,Credit card,168.5,4.761904762,8.425,5.3,2019-03-26 14:13:00,2019,3,March,26,Tuesday,14,False,Afternoon,88.46,4.76,Medium,Low
676-10-2200,B,Mandalay,Member,Male,Fashion accessories,53.78,1,2.689,56.469,2019-02-03,20:13,Ewallet,53.78,4.761904762,2.689,4.7,2019-02-03 20:13:00,2019,2,February,3,Sunday,20,True,Evening,56.47,4.76,Low,Low
373-88-1424,C,Naypyitaw,Member,Male,Home and lifestyle,35.81,5,8.9525,188.0025,2019-02-06,18:44,Ewallet,179.05,4.761904762,8.9525,7.9,2019-02-06 18:44:00,2019,2,February,6,Wednesday,18,False,Evening,37.6,4.76,Medium,Medium
365-16-4334,B,Mandalay,Normal,Female,Food and beverages,26.43,8,10.572,222.012,2019-02-24,14:26,Ewallet,211.44,4.761904762,10.572,8.9,2019-02-24 14:26:00,2019,2,February,24,Sunday,14,True,Afternoon,27.75,4.76,Medium,High
503-21-4385,B,Mandalay,Member,Male,Health and beauty,39.91,3,5.9865,125.7165,2019-02-21,12:40,Ewallet,119.73,4.761904762,5.9865,9.3,2019-02-21 12:40:00,2019,2,February,21,Thursday,12,False,Afternoon,41.91,4.76,Low,High
305-89-2768,B,Mandalay,Member,Female,Home and lifestyle,21.9,3,3.285,68.985,2019-01-09,18:43,Ewallet,65.7,4.761904762,3.285,4.7,2019-01-09 18:43:00,2019,1,January,9,Wednesday,18,False,Evening,23.0,4.76,Low,Low
574-80-1489,B,Mandalay,Member,Female,Food and beverages,62.85,4,12.57,263.97,2019-02-25,13:22,Ewallet,251.4,4.761904762,12.57,8.7,2019-02-25 13:22:00,2019,2,February,25,Monday,13,False,Afternoon,65.99,4.76,Medium,High
784-08-0310,C,Naypyitaw,Member,Female,Food and beverages,21.04,4,4.208,88.368,2019-01-13,13:58,Cash,84.16,4.761904762,4.208,7.6,2019-01-13 13:58:00,2019,1,January,13,Sunday,13,True,Afternoon,22.09,4.76,Low,Medium
200-40-6154,B,Mandalay,Member,Male,Home and lifestyle,65.91,6,19.773,415.233,2019-02-09,11:45,Cash,395.46,4.761904762,19.773,5.7,2019-02-09 11:45:00,2019,2,February,9,Saturday,11,True,Morning,69.21,4.76,High,Low
846-10-0341,A,Yangon,Normal,Female,Fashion accessories,42.57,7,14.8995,312.8895,2019-01-06,11:51,Cash,297.99,4.761904762,14.8995,6.8,2019-01-06 11:51:00,2019,1,January,6,Sunday,11,True,Morning,44.7,4.76,Medium,Medium
577-34-7579,C,Naypyitaw,Member,Male,Food and beverages,50.49,9,22.7205,477.1305,2019-01-10,17:16,Cash,454.41,4.761904762,22.7205,5.4,2019-01-10 17:16:00,2019,1,January,10,Thursday,17,False,Evening,53.01,4.76,High,Low
430-02-3888,B,Mandalay,Normal,Male,Electronic accessories,46.02,6,13.806,289.926,2019-02-07,15:55,Cash,276.12,4.761904762,13.806,7.1,2019-02-07 15:55:00,2019,2,February,7,Thursday,15,False,Afternoon,48.32,4.76,Medium,Medium
867-47-1948,C,Naypyitaw,Normal,Female,Home and lifestyle,15.8,10,7.9,165.9,2019-01-09,12:07,Cash,158.0,4.761904762,7.9,7.8,2019-01-09 12:07:00,2019,1,January,9,Wednesday,12,False,Afternoon,16.59,4.76,Medium,Medium
384-59-6655,A,Yangon,Member,Female,Food and beverages,98.66,9,44.397,932.337,2019-02-19,15:07,Cash,887.94,4.761904762,44.397,8.4,2019-02-19 15:07:00,2019,2,February,19,Tuesday,15,False,Afternoon,103.59,4.76,High,High
256-58-3609,C,Naypyitaw,Member,Male,Fashion accessories,91.98,1,4.599,96.579,2019-03-18,15:29,Cash,91.98,4.761904762,4.599,9.8,2019-03-18 15:29:00,2019,3,March,18,Monday,15,False,Afternoon,96.58,4.76,Low,High
324-92-3863,A,Yangon,Member,Male,Electronic accessories,20.89,2,2.089,43.869,2019-02-05,18:45,Cash,41.78,4.761904762,2.089,9.8,2019-02-05 18:45:00,2019,2,February,5,Tuesday,18,False,Evening,21.93,4.76,Low,High
593-08-5916,A,Yangon,Normal,Female,Fashion accessories,15.5,1,0.775,16.275,2019-03-19,15:23,Credit card,15.5,4.761904762,0.775,7.4,2019-03-19 15:23:00,2019,3,March,19,Tuesday,15,False,Afternoon,16.27,4.76,Low,Medium
364-34-2972,C,Naypyitaw,Member,Male,Electronic accessories,96.82,3,14.523,304.983,2019-03-30,20:37,Cash,290.46,4.761904762,14.523,6.7,2019-03-30 20:37:00,2019,3,March,30,Saturday,20,True,Evening,101.66,4.76,Medium,Medium
794-42-3736,B,Mandalay,Normal,Male,Food and beverages,33.33,2,3.333,69.993,2019-01-26,14:41,Credit card,66.66,4.761904762,3.333,6.4,2019-01-26 14:41:00,2019,1,January,26,Saturday,14,True,Afternoon,35.0,4.76,Low,Medium
172-42-8274,B,Mandalay,Normal,Female,Electronic accessories,38.27,2,3.827,80.367,2019-03-02,18:18,Credit card,76.54,4.761904762,3.827,5.8,2019-03-02 18:18:00,2019,3,March,2,Saturday,18,True,Evening,40.18,4.76,Low,Low
558-60-5016,A,Yangon,Normal,Female,Home and lifestyle,33.3,9,14.985,314.685,2019-03-04,15:27,Ewallet,299.7,4.761904762,14.985,7.2,2019-03-04 15:27:00,2019,3,March,4,Monday,15,False,Afternoon,34.97,4.76,Medium,Medium
195-06-0432,A,Yangon,Member,Male,Home and lifestyle,81.01,3,12.1515,255.1815,2019-01-13,12:55,Credit card,243.03,4.761904762,12.1515,9.3,2019-01-13 12:55:00,2019,1,January,13,Sunday,12,True,Afternoon,85.06,4.76,Medium,High
605-03-2706,A,Yangon,Normal,Female,Health and beauty,15.8,3,2.37,49.77,2019-03-25,18:02,Cash,47.4,4.761904762,2.37,9.5,2019-03-25 18:02:00,2019,3,March,25,Monday,18,False,Evening,16.59,4.76,Low,High
214-30-2776,B,Mandalay,Member,Female,Electronic accessories,34.49,5,8.6225,181.0725,2019-03-11,19:44,Credit card,172.45,4.761904762,8.6225,9.0,2019-03-11 19:44:00,2019,3,March,11,Monday,19,False,Evening,36.21,4.76,Medium,High
746-04-1077,B,Mandalay,Member,Female,Food and beverages,84.63,10,42.315,888.615,2019-01-01,11:36,Credit card,846.3,4.761904762,42.315,9.0,2019-01-01 11:36:00,2019,1,January,1,Tuesday,11,False,Morning,88.86,4.76,High,High
448-34-8700,B,Mandalay,Member,Male,Home and lifestyle,36.91,7,12.9185,271.2885,2019-02-10,13:51,Ewallet,258.37,4.761904762,12.9185,6.7,2019-02-10 13:51:00,2019,2,February,10,Sunday,13,True,Afternoon,38.76,4.76,Medium,Medium
452-04-8808,B,Mandalay,Normal,Male,Electronic accessories,87.08,7,30.478,640.038,2019-01-26,15:17,Cash,609.56,4.761904762,30.478,5.5,2019-01-26 15:17:00,2019,1,January,26,Saturday,15,True,Afternoon,91.43,4.76,High,Low
531-56-4728,A,Yangon,Normal,Male,Home and lifestyle,80.08,3,12.012,252.252,2019-02-11,15:29,Cash,240.24,4.761904762,12.012,5.4,2019-02-11 15:29:00,2019,2,February,11,Monday,15,False,Afternoon,84.08,4.76,Medium,Low
744-82-9138,C,Naypyitaw,Normal,Male,Fashion accessories,86.13,2,8.613,180.873,2019-02-07,17:59,Cash,172.26,4.761904762,8.613,8.2,2019-02-07 17:59:00,2019,2,February,7,Thursday,17,False,Evening,90.44,4.76,Medium,High
883-69-1285,B,Mandalay,Member,Male,Fashion accessories,49.92,2,4.992,104.832,2019-03-06,11:55,Credit card,99.84,4.761904762,4.992,7.0,2019-03-06 11:55:00,2019,3,March,6,Wednesday,11,False,Morning,52.42,4.76,Low,Medium
221-25-5073,A,Yangon,Normal,Female,Food and beverages,74.66,4,14.932,313.572,2019-03-04,10:39,Cash,298.64,4.761904762,14.932,8.5,2019-03-04 10:39:00,2019,3,March,4,Monday,10,False,Morning,78.39,4.76,Medium,High
518-71-6847,B,Mandalay,Member,Male,Food and beverages,26.6,6,7.98,167.58,2019-02-26,15:10,Ewallet,159.6,4.761904762,7.98,4.9,2019-02-26 15:10:00,2019,2,February,26,Tuesday,15,False,Afternoon,27.93,4.76,Medium,Low
156-20-0370,B,Mandalay,Normal,Female,Electronic accessories,25.45,1,1.2725,26.7225,2019-03-10,18:10,Credit card,25.45,4.761904762,1.2725,5.1,2019-03-10 18:10:00,2019,3,March,10,Sunday,18,True,Evening,26.72,4.76,Low,Low
151-33-7434,B,Mandalay,Normal,Female,Food and beverages,67.77,1,3.3885,71.1585,2019-02-04,20:43,Credit card,67.77,4.761904762,3.3885,6.5,2019-02-04 20:43:00,2019,2,February,4,Monday,20,False,Evening,71.16,4.76,Low,Medium
728-47-9078,C,Naypyitaw,Member,Male,Food and beverages,59.59,4,11.918,250.278,2019-01-19,12:46,Cash,238.36,4.761904762,11.918,9.8,2019-01-19 12:46:00,2019,1,January,19,Saturday,12,True,Afternoon,62.57,4.76,Medium,High
809-46-1866,A,Yangon,Normal,Male,Health and beauty,58.15,4,11.63,244.23,2019-01-23,17:44,Cash,232.6,4.761904762,11.63,8.4,2019-01-23 17:44:00,2019,1,January,23,Wednesday,17,False,Evening,61.06,4.76,Medium,High
139-32-4183,A,Yangon,Member,Female,Sports and travel,97.48,9,43.866,921.186,2019-03-14,14:19,Ewallet,877.32,4.761904762,43.866,7.4,2019-03-14 14:19:00,2019,3,March,14,Thursday,14,False,Afternoon,102.35,4.76,High,Medium
148-41-7930,C,Naypyitaw,Normal,Male,Health and beauty,99.96,7,34.986,734.706,2019-01-23,10:33,Cash,699.72,4.761904762,34.986,6.1,2019-01-23 10:33:00,2019,1,January,23,Wednesday,10,False,Morning,104.96,4.76,High,Medium
189-40-5216,C,Naypyitaw,Normal,Male,Electronic accessories,96.37,7,33.7295,708.3195,2019-01-09,11:40,Cash,674.59,4.761904762,33.7295,6.0,2019-01-09 11:40:00,2019,1,January,9,Wednesday,11,False,Morning,101.19,4.76,High,Low
374-38-5555,B,Mandalay,Normal,Female,Fashion accessories,63.71,5,15.9275,334.4775,2019-02-07,19:30,Ewallet,318.55,4.761904762,15.9275,8.5,2019-02-07 19:30:00,2019,2,February,7,Thursday,19,False,Evening,66.9,4.76,Medium,High
764-44-8999,B,Mandalay,Normal,Female,Health and beauty,14.76,2,1.476,30.996,2019-02-18,14:42,Ewallet,29.52,4.761904762,1.476,4.3,2019-02-18 14:42:00,2019,2,February,18,Monday,14,False,Afternoon,15.5,4.76,Low,Low
552-44-5977,B,Mandalay,Member,Male,Health and beauty,62.0,8,24.8,520.8,2019-01-03,19:08,Credit card,496.0,4.761904762,24.8,6.2,2019-01-03 19:08:00,2019,1,January,3,Thursday,19,False,Evening,65.1,4.76,High,Medium
267-62-7380,C,Naypyitaw,Member,Male,Electronic accessories,82.34,10,41.17,864.57,2019-03-29,19:12,Ewallet,823.4,4.761904762,41.17,4.3,2019-03-29 19:12:00,2019,3,March,29,Friday,19,False,Evening,86.46,4.76,High,Low
430-53-4718,B,Mandalay,Member,Male,Health and beauty,75.37,8,30.148,633.108,2019-01-28,15:46,Credit card,602.96,4.761904762,30.148,8.4,2019-01-28 15:46:00,2019,1,January,28,Monday,15,False,Afternoon,79.14,4.76,High,High
886-18-2897,A,Yangon,Normal,Female,Food and beverages,56.56,5,14.14,296.94,2019-03-22,19:06,Credit card,282.8,4.761904762,14.14,4.5,2019-03-22 19:06:00,2019,3,March,22,Friday,19,False,Evening,59.39,4.76,Medium,Low
602-16-6955,B,Mandalay,Normal,Female,Sports and travel,76.6,10,38.3,804.3,2019-01-24,18:10,Ewallet,766.0,4.761904762,38.3,6.0,2019-01-24 18:10:00,2019,1,January,24,Thursday,18,False,Evening,80.43,4.76,High,Low
745-74-0715,A,Yangon,Normal,Male,Electronic accessories,58.03,2,5.803,121.863,2019-03-10,20:46,Ewallet,116.06,4.761904762,5.803,8.8,2019-03-10 20:46:00,2019,3,March,10,Sunday,20,True,Evening,60.93,4.76,Low,High
690-01-6631,B,Mandalay,Normal,Male,Fashion accessories,17.49,10,8.745,183.645,2019-02-22,18:35,Ewallet,174.9,4.761904762,8.745,6.6,2019-02-22 18:35:00,2019,2,February,22,Friday,18,False,Evening,18.36,4.76,Medium,Medium
652-49-6720,C,Naypyitaw,Member,Female,Electronic accessories,60.95,1,3.0475,63.9975,2019-02-18,11:40,Ewallet,60.95,4.761904762,3.0475,5.9,2019-02-18 11:40:00,2019,2,February,18,Monday,11,False,Morning,64.0,4.76,Low,Low
233-67-5758,C,Naypyitaw,Normal,Male,Health and beauty,40.35,1,2.0175,42.3675,2019-01-29,13:46,Ewallet,40.35,4.761904762,2.0175,6.2,2019-01-29 13:46:00,2019,1,January,29,Tuesday,13,False,Afternoon,42.37,4.76,Low,Medium
303-96-2227,B,Mandalay,Normal,Female,Home and lifestyle,97.38,10,48.69,1022.49,2019-03-02,17:16,Ewallet,973.8,4.761904762,48.69,4.4,2019-03-02 17:16:00,2019,3,March,2,Saturday,17,True,Evening,102.25,4.76,High,Low
727-02-1313,A,Yangon,Member,Male,Food and beverages,31.84,1,1.592,33.432,2019-02-09,13:22,Cash,31.84,4.761904762,1.592,7.7,2019-02-09 13:22:00,2019,2,February,9,Saturday,13,True,Afternoon,33.43,4.76,Low,Medium
347-56-2442,A,Yangon,Normal,Male,Home and lifestyle,65.82,1,3.291,69.111,2019-02-22,15:33,Cash,65.82,4.761904762,3.291,4.1,2019-02-22 15:33:00,2019,2,February,22,Friday,15,False,Afternoon,69.11,4.76,Low,Low
849-09-3807,A,Yangon,Member,Female,Fashion accessories,88.34,7,30.919,649.299,2019-02-18,13:28,Cash,618.38,4.761904762,30.919,6.6,2019-02-18 13:28:00,2019,2,February,18,Monday,13,False,Afternoon,92.76,4.76,High,Medium
